Processing labeler on /home/gabcro/Code/Processor_CI/cores/riscv-pipeline-cpu...
WARNING: No LICENSE files found in the directory /home/gabcro/Code/Processor_CI/cores/riscv-pipeline-cpu.
rm -f results.xml
"make" -f /home/gabcro/Code/Processor_CI/cores_utils/riscv-pipeline-cpu/riscv-pipeline-cpu.mk results.xml
make[1]: Entering directory '/home/gabcro/Code/Processor_CI/processor_ci_inspector'
mkdir -p sim_build/riscv-pipeline-cpu
/usr/bin/verilator -cc --exe -Mdir sim_build/riscv-pipeline-cpu --top-module processorci_top --language 1800-2017 -DSIMULATION -Wno-fatal -Wno-lint --public-flat-rw --trace --trace-structs --trace-underscore --timescale 1ns/1ps --vpi --public-flat-rw --prefix Vtop -o Vtop -LDFLAGS "-Wl,-rpath,/home/gabcro/Code/Processor_CI/processor_ci_inspector/env/lib/python3.13/site-packages/cocotb/libs -L/home/gabcro/Code/Processor_CI/processor_ci_inspector/env/lib/python3.13/site-packages/cocotb/libs -lcocotbvpi_verilator" +incdir+/home/gabcro/Code/Processor_CI/cores/riscv-pipeline-cpu +incdir+/home/gabcro/Code/Processor_CI/cores/riscv-pipeline-cpu/openriscv/openriscv.srcs/sources_1/new +incdir+/home/gabcro/Code/Processor_CI/cores/riscv-pipeline-cpu/openriscv/openriscv.srcs/sources_1/imports/code  /home/gabcro/Code/Processor_CI/cores/riscv-pipeline-cpu/openriscv/openriscv.srcs/sources_1/imports/code/openriscv.v /home/gabcro/Code/Processor_CI/cores/riscv-pipeline-cpu/openriscv/openriscv.srcs/sources_1/new/display_buffer.v /home/gabcro/Code/Processor_CI/RV-Bench/wrappers_golden/internal/ahblite_to_wishbone.sv /home/gabcro/Code/Processor_CI/RV-Bench/wrappers_golden/internal/axi4lite_to_wishbone.sv /home/gabcro/Code/Processor_CI/RV-Bench/wrappers_golden/internal/axi4_to_wishbone.sv /home/gabcro/Code/Processor_CI/RV-Bench/wrappers_golden/riscv-pipeline-cpu.sv /home/gabcro/Code/Processor_CI/processor_ci_inspector/env/lib/python3.13/site-packages/cocotb/share/lib/verilator/verilator.cpp
%Warning-COMBDLY: /home/gabcro/Code/Processor_CI/cores/riscv-pipeline-cpu/openriscv/openriscv.srcs/sources_1/new/display_buffer.v:22:23: Non-blocking assignment '<=' in combinational logic process
                                                                                                                                       : ... This will be executed as a blocking assignment '='!
   22 |             counter_i <= 5'h0;
      |                       ^~
                  ... For warning description see https://verilator.org/warn/COMBDLY?v=5.050
                  ... Use "/* verilator lint_off COMBDLY */" and lint_on around source to disable this message.
                  *** See https://verilator.org/warn/COMBDLY?v=5.050 before disabling this,
                  else you may end up with different sim results.
%Warning-COMBDLY: /home/gabcro/Code/Processor_CI/cores/riscv-pipeline-cpu/openriscv/openriscv.srcs/sources_1/new/display_buffer.v:24:37: Non-blocking assignment '<=' in combinational logic process
                                                                                                                                       : ... This will be executed as a blocking assignment '='!
   24 |                 reg1_buf[counter_i] <= reg1;
      |                                     ^~
%Warning-COMBDLY: /home/gabcro/Code/Processor_CI/cores/riscv-pipeline-cpu/openriscv/openriscv.srcs/sources_1/new/display_buffer.v:25:27: Non-blocking assignment '<=' in combinational logic process
                                                                                                                                       : ... This will be executed as a blocking assignment '='!
   25 |                 counter_i <= counter_i + 1;
      |                           ^~
%Warning-COMBDLY: /home/gabcro/Code/Processor_CI/cores/riscv-pipeline-cpu/openriscv/openriscv.srcs/sources_1/new/display_buffer.v:26:27: Non-blocking assignment '<=' in combinational logic process
                                                                                                                                       : ... This will be executed as a blocking assignment '='!
   26 |                 last_reg1 <= reg1;
      |                           ^~
%Warning-COMBDLY: /home/gabcro/Code/Processor_CI/cores/riscv-pipeline-cpu/openriscv/openriscv.srcs/sources_1/imports/code/ctrl.v:24:19: Non-blocking assignment '<=' in combinational logic process
                                                                                                                                      : ... This will be executed as a blocking assignment '='!
   24 |             stall <= 6'b0;
      |                   ^~
                  /home/gabcro/Code/Processor_CI/cores/riscv-pipeline-cpu/openriscv/openriscv.srcs/sources_1/imports/code/openriscv.v:310:1: ... note: In file included from 'openriscv.v'
%Warning-COMBDLY: /home/gabcro/Code/Processor_CI/cores/riscv-pipeline-cpu/openriscv/openriscv.srcs/sources_1/imports/code/mem.v:38:21: Non-blocking assignment '<=' in combinational logic process
                                                                                                                                     : ... This will be executed as a blocking assignment '='!
   38 |             wd_o    <= 5'b00000;
      |                     ^~
                  /home/gabcro/Code/Processor_CI/cores/riscv-pipeline-cpu/openriscv/openriscv.srcs/sources_1/imports/code/openriscv.v:265:1: ... note: In file included from 'openriscv.v'
%Warning-COMBDLY: /home/gabcro/Code/Processor_CI/cores/riscv-pipeline-cpu/openriscv/openriscv.srcs/sources_1/imports/code/mem.v:39:21: Non-blocking assignment '<=' in combinational logic process
                                                                                                                                     : ... This will be executed as a blocking assignment '='!
   39 |             wreg_o  <= 1'b0;
      |                     ^~
                  /home/gabcro/Code/Processor_CI/cores/riscv-pipeline-cpu/openriscv/openriscv.srcs/sources_1/imports/code/openriscv.v:265:1: ... note: In file included from 'openriscv.v'
%Warning-COMBDLY: /home/gabcro/Code/Processor_CI/cores/riscv-pipeline-cpu/openriscv/openriscv.srcs/sources_1/imports/code/mem.v:40:21: Non-blocking assignment '<=' in combinational logic process
                                                                                                                                     : ... This will be executed as a blocking assignment '='!
   40 |             wdata_o <= 32'b0;
      |                     ^~
                  /home/gabcro/Code/Processor_CI/cores/riscv-pipeline-cpu/openriscv/openriscv.srcs/sources_1/imports/code/openriscv.v:265:1: ... note: In file included from 'openriscv.v'
%Warning-COMBDLY: /home/gabcro/Code/Processor_CI/cores/riscv-pipeline-cpu/openriscv/openriscv.srcs/sources_1/imports/code/mem.v:41:24: Non-blocking assignment '<=' in combinational logic process
                                                                                                                                     : ... This will be executed as a blocking assignment '='!
   41 |             ram_addr_o <= 32'b0;
      |                        ^~
                  /home/gabcro/Code/Processor_CI/cores/riscv-pipeline-cpu/openriscv/openriscv.srcs/sources_1/imports/code/openriscv.v:265:1: ... note: In file included from 'openriscv.v'
%Warning-COMBDLY: /home/gabcro/Code/Processor_CI/cores/riscv-pipeline-cpu/openriscv/openriscv.srcs/sources_1/imports/code/mem.v:42:24: Non-blocking assignment '<=' in combinational logic process
                                                                                                                                     : ... This will be executed as a blocking assignment '='!
   42 |             ram_data_o <= 32'b0;
      |                        ^~
                  /home/gabcro/Code/Processor_CI/cores/riscv-pipeline-cpu/openriscv/openriscv.srcs/sources_1/imports/code/openriscv.v:265:1: ... note: In file included from 'openriscv.v'
%Warning-COMBDLY: /home/gabcro/Code/Processor_CI/cores/riscv-pipeline-cpu/openriscv/openriscv.srcs/sources_1/imports/code/mem.v:43:22: Non-blocking assignment '<=' in combinational logic process
                                                                                                                                     : ... This will be executed as a blocking assignment '='!
   43 |             ram_ce_o <= 1'b0;
      |                      ^~
                  /home/gabcro/Code/Processor_CI/cores/riscv-pipeline-cpu/openriscv/openriscv.srcs/sources_1/imports/code/openriscv.v:265:1: ... note: In file included from 'openriscv.v'
%Warning-COMBDLY: /home/gabcro/Code/Processor_CI/cores/riscv-pipeline-cpu/openriscv/openriscv.srcs/sources_1/imports/code/mem.v:44:22: Non-blocking assignment '<=' in combinational logic process
                                                                                                                                     : ... This will be executed as a blocking assignment '='!
   44 |             ram_we_o <= 1'b0;
      |                      ^~
                  /home/gabcro/Code/Processor_CI/cores/riscv-pipeline-cpu/openriscv/openriscv.srcs/sources_1/imports/code/openriscv.v:265:1: ... note: In file included from 'openriscv.v'
%Warning-COMBDLY: /home/gabcro/Code/Processor_CI/cores/riscv-pipeline-cpu/openriscv/openriscv.srcs/sources_1/imports/code/mem.v:46:21: Non-blocking assignment '<=' in combinational logic process
                                                                                                                                     : ... This will be executed as a blocking assignment '='!
   46 |             wd_o    <= wd_i;
      |                     ^~
                  /home/gabcro/Code/Processor_CI/cores/riscv-pipeline-cpu/openriscv/openriscv.srcs/sources_1/imports/code/openriscv.v:265:1: ... note: In file included from 'openriscv.v'
%Warning-COMBDLY: /home/gabcro/Code/Processor_CI/cores/riscv-pipeline-cpu/openriscv/openriscv.srcs/sources_1/imports/code/mem.v:47:21: Non-blocking assignment '<=' in combinational logic process
                                                                                                                                     : ... This will be executed as a blocking assignment '='!
   47 |             wreg_o  <= wreg_i;
      |                     ^~
                  /home/gabcro/Code/Processor_CI/cores/riscv-pipeline-cpu/openriscv/openriscv.srcs/sources_1/imports/code/openriscv.v:265:1: ... note: In file included from 'openriscv.v'
%Warning-COMBDLY: /home/gabcro/Code/Processor_CI/cores/riscv-pipeline-cpu/openriscv/openriscv.srcs/sources_1/imports/code/mem.v:48:24: Non-blocking assignment '<=' in combinational logic process
                                                                                                                                     : ... This will be executed as a blocking assignment '='!
   48 |             ram_addr_o <= mem_addr_i;
      |                        ^~
                  /home/gabcro/Code/Processor_CI/cores/riscv-pipeline-cpu/openriscv/openriscv.srcs/sources_1/imports/code/openriscv.v:265:1: ... note: In file included from 'openriscv.v'
%Warning-COMBDLY: /home/gabcro/Code/Processor_CI/cores/riscv-pipeline-cpu/openriscv/openriscv.srcs/sources_1/imports/code/mem.v:51:30: Non-blocking assignment '<=' in combinational logic process
                                                                                                                                     : ... This will be executed as a blocking assignment '='!
   51 |                     ram_ce_o <= 1'b1;
      |                              ^~
                  /home/gabcro/Code/Processor_CI/cores/riscv-pipeline-cpu/openriscv/openriscv.srcs/sources_1/imports/code/openriscv.v:265:1: ... note: In file included from 'openriscv.v'
%Warning-COMBDLY: /home/gabcro/Code/Processor_CI/cores/riscv-pipeline-cpu/openriscv/openriscv.srcs/sources_1/imports/code/mem.v:52:32: Non-blocking assignment '<=' in combinational logic process
                                                                                                                                     : ... This will be executed as a blocking assignment '='!
   52 |                     ram_data_o <= 32'b0;
      |                                ^~
                  /home/gabcro/Code/Processor_CI/cores/riscv-pipeline-cpu/openriscv/openriscv.srcs/sources_1/imports/code/openriscv.v:265:1: ... note: In file included from 'openriscv.v'
%Warning-COMBDLY: /home/gabcro/Code/Processor_CI/cores/riscv-pipeline-cpu/openriscv/openriscv.srcs/sources_1/imports/code/mem.v:53:30: Non-blocking assignment '<=' in combinational logic process
                                                                                                                                     : ... This will be executed as a blocking assignment '='!
   53 |                     ram_we_o <= 1'b0;
      |                              ^~
                  /home/gabcro/Code/Processor_CI/cores/riscv-pipeline-cpu/openriscv/openriscv.srcs/sources_1/imports/code/openriscv.v:265:1: ... note: In file included from 'openriscv.v'
%Warning-COMBDLY: /home/gabcro/Code/Processor_CI/cores/riscv-pipeline-cpu/openriscv/openriscv.srcs/sources_1/imports/code/mem.v:58:45: Non-blocking assignment '<=' in combinational logic process
                                                                                                                                     : ... This will be executed as a blocking assignment '='!
   58 |                                     wdata_o <= {{24{ram_data_i[7]}}, ram_data_i[7:0]};
      |                                             ^~
                  /home/gabcro/Code/Processor_CI/cores/riscv-pipeline-cpu/openriscv/openriscv.srcs/sources_1/imports/code/openriscv.v:265:1: ... note: In file included from 'openriscv.v'
%Warning-COMBDLY: /home/gabcro/Code/Processor_CI/cores/riscv-pipeline-cpu/openriscv/openriscv.srcs/sources_1/imports/code/mem.v:74:45: Non-blocking assignment '<=' in combinational logic process
                                                                                                                                     : ... This will be executed as a blocking assignment '='!
   74 |                                     wdata_o <= {{16{ram_data_i[15]}}, ram_data_i[15:0]};
      |                                             ^~
                  /home/gabcro/Code/Processor_CI/cores/riscv-pipeline-cpu/openriscv/openriscv.srcs/sources_1/imports/code/openriscv.v:265:1: ... note: In file included from 'openriscv.v'
%Warning-COMBDLY: /home/gabcro/Code/Processor_CI/cores/riscv-pipeline-cpu/openriscv/openriscv.srcs/sources_1/imports/code/mem.v:82:37: Non-blocking assignment '<=' in combinational logic process
                                                                                                                                     : ... This will be executed as a blocking assignment '='!
   82 |                             wdata_o <= ram_data_i;
      |                                     ^~
                  /home/gabcro/Code/Processor_CI/cores/riscv-pipeline-cpu/openriscv/openriscv.srcs/sources_1/imports/code/openriscv.v:265:1: ... note: In file included from 'openriscv.v'
%Warning-COMBDLY: /home/gabcro/Code/Processor_CI/cores/riscv-pipeline-cpu/openriscv/openriscv.srcs/sources_1/imports/code/mem.v:87:45: Non-blocking assignment '<=' in combinational logic process
                                                                                                                                     : ... This will be executed as a blocking assignment '='!
   87 |                                     wdata_o <= {{24{1'b0}}, ram_data_i[7:0]};
      |                                             ^~
                  /home/gabcro/Code/Processor_CI/cores/riscv-pipeline-cpu/openriscv/openriscv.srcs/sources_1/imports/code/openriscv.v:265:1: ... note: In file included from 'openriscv.v'
%Warning-COMBDLY: /home/gabcro/Code/Processor_CI/cores/riscv-pipeline-cpu/openriscv/openriscv.srcs/sources_1/imports/code/mem.v:103:45: Non-blocking assignment '<=' in combinational logic process
                                                                                                                                      : ... This will be executed as a blocking assignment '='!
  103 |                                     wdata_o <= {{16{1'b0}}, ram_data_i[15:0]};
      |                                             ^~
                  /home/gabcro/Code/Processor_CI/cores/riscv-pipeline-cpu/openriscv/openriscv.srcs/sources_1/imports/code/openriscv.v:265:1: ... note: In file included from 'openriscv.v'
%Warning-COMBDLY: /home/gabcro/Code/Processor_CI/cores/riscv-pipeline-cpu/openriscv/openriscv.srcs/sources_1/imports/code/mem.v:113:30: Non-blocking assignment '<=' in combinational logic process
                                                                                                                                      : ... This will be executed as a blocking assignment '='!
  113 |                     ram_ce_o <= 1'b1;
      |                              ^~
                  /home/gabcro/Code/Processor_CI/cores/riscv-pipeline-cpu/openriscv/openriscv.srcs/sources_1/imports/code/openriscv.v:265:1: ... note: In file included from 'openriscv.v'
%Warning-COMBDLY: /home/gabcro/Code/Processor_CI/cores/riscv-pipeline-cpu/openriscv/openriscv.srcs/sources_1/imports/code/mem.v:114:29: Non-blocking assignment '<=' in combinational logic process
                                                                                                                                      : ... This will be executed as a blocking assignment '='!
  114 |                     wdata_o <= 32'b0;
      |                             ^~
                  /home/gabcro/Code/Processor_CI/cores/riscv-pipeline-cpu/openriscv/openriscv.srcs/sources_1/imports/code/openriscv.v:265:1: ... note: In file included from 'openriscv.v'
%Warning-COMBDLY: /home/gabcro/Code/Processor_CI/cores/riscv-pipeline-cpu/openriscv/openriscv.srcs/sources_1/imports/code/mem.v:115:30: Non-blocking assignment '<=' in combinational logic process
                                                                                                                                      : ... This will be executed as a blocking assignment '='!
  115 |                     ram_we_o <= 1'b1;
      |                              ^~
                  /home/gabcro/Code/Processor_CI/cores/riscv-pipeline-cpu/openriscv/openriscv.srcs/sources_1/imports/code/openriscv.v:265:1: ... note: In file included from 'openriscv.v'
%Warning-COMBDLY: /home/gabcro/Code/Processor_CI/cores/riscv-pipeline-cpu/openriscv/openriscv.srcs/sources_1/imports/code/mem.v:120:48: Non-blocking assignment '<=' in combinational logic process
                                                                                                                                      : ... This will be executed as a blocking assignment '='!
  120 |                                     ram_data_o <= {{24{1'b0}}, mem_data_i[7:0]};
      |                                                ^~
                  /home/gabcro/Code/Processor_CI/cores/riscv-pipeline-cpu/openriscv/openriscv.srcs/sources_1/imports/code/openriscv.v:265:1: ... note: In file included from 'openriscv.v'
%Warning-COMBDLY: /home/gabcro/Code/Processor_CI/cores/riscv-pipeline-cpu/openriscv/openriscv.srcs/sources_1/imports/code/mem.v:136:48: Non-blocking assignment '<=' in combinational logic process
                                                                                                                                      : ... This will be executed as a blocking assignment '='!
  136 |                                     ram_data_o <= {{16{1'b0}}, mem_data_i[15:0]};
      |                                                ^~
                  /home/gabcro/Code/Processor_CI/cores/riscv-pipeline-cpu/openriscv/openriscv.srcs/sources_1/imports/code/openriscv.v:265:1: ... note: In file included from 'openriscv.v'
%Warning-COMBDLY: /home/gabcro/Code/Processor_CI/cores/riscv-pipeline-cpu/openriscv/openriscv.srcs/sources_1/imports/code/mem.v:144:40: Non-blocking assignment '<=' in combinational logic process
                                                                                                                                      : ... This will be executed as a blocking assignment '='!
  144 |                             ram_data_o <= mem_data_i;
      |                                        ^~
                  /home/gabcro/Code/Processor_CI/cores/riscv-pipeline-cpu/openriscv/openriscv.srcs/sources_1/imports/code/openriscv.v:265:1: ... note: In file included from 'openriscv.v'
%Warning-COMBDLY: /home/gabcro/Code/Processor_CI/cores/riscv-pipeline-cpu/openriscv/openriscv.srcs/sources_1/imports/code/mem.v:149:30: Non-blocking assignment '<=' in combinational logic process
                                                                                                                                      : ... This will be executed as a blocking assignment '='!
  149 |                     ram_ce_o <= 1'b0;
      |                              ^~
                  /home/gabcro/Code/Processor_CI/cores/riscv-pipeline-cpu/openriscv/openriscv.srcs/sources_1/imports/code/openriscv.v:265:1: ... note: In file included from 'openriscv.v'
%Warning-COMBDLY: /home/gabcro/Code/Processor_CI/cores/riscv-pipeline-cpu/openriscv/openriscv.srcs/sources_1/imports/code/mem.v:150:29: Non-blocking assignment '<=' in combinational logic process
                                                                                                                                      : ... This will be executed as a blocking assignment '='!
  150 |                     wdata_o <= wdata_i;
      |                             ^~
                  /home/gabcro/Code/Processor_CI/cores/riscv-pipeline-cpu/openriscv/openriscv.srcs/sources_1/imports/code/openriscv.v:265:1: ... note: In file included from 'openriscv.v'
%Warning-COMBDLY: /home/gabcro/Code/Processor_CI/cores/riscv-pipeline-cpu/openriscv/openriscv.srcs/sources_1/imports/code/ex.v:65:16: Non-blocking assignment '<=' in combinational logic process
                                                                                                                                    : ... This will be executed as a blocking assignment '='!
   65 |         wreg_o <= wreg_i;
      |                ^~
                  /home/gabcro/Code/Processor_CI/cores/riscv-pipeline-cpu/openriscv/openriscv.srcs/sources_1/imports/code/openriscv.v:205:1: ... note: In file included from 'openriscv.v'
%Warning-COMBDLY: /home/gabcro/Code/Processor_CI/cores/riscv-pipeline-cpu/openriscv/openriscv.srcs/sources_1/imports/code/ex.v:66:16: Non-blocking assignment '<=' in combinational logic process
                                                                                                                                    : ... This will be executed as a blocking assignment '='!
   66 |         wd_o   <= wd_i;
      |                ^~
                  /home/gabcro/Code/Processor_CI/cores/riscv-pipeline-cpu/openriscv/openriscv.srcs/sources_1/imports/code/openriscv.v:205:1: ... note: In file included from 'openriscv.v'
%Warning-COMBDLY: /home/gabcro/Code/Processor_CI/cores/riscv-pipeline-cpu/openriscv/openriscv.srcs/sources_1/imports/code/ex.v:67:17: Non-blocking assignment '<=' in combinational logic process
                                                                                                                                    : ... This will be executed as a blocking assignment '='!
   67 |         wdata_o <= 32'b0;
      |                 ^~
                  /home/gabcro/Code/Processor_CI/cores/riscv-pipeline-cpu/openriscv/openriscv.srcs/sources_1/imports/code/openriscv.v:205:1: ... note: In file included from 'openriscv.v'
%Warning-COMBDLY: /home/gabcro/Code/Processor_CI/cores/riscv-pipeline-cpu/openriscv/openriscv.srcs/sources_1/imports/code/ex.v:69:18: Non-blocking assignment '<=' in combinational logic process
                                                                                                                                    : ... This will be executed as a blocking assignment '='!
   69 |         opcode_o <= opcode;
      |                  ^~
                  /home/gabcro/Code/Processor_CI/cores/riscv-pipeline-cpu/openriscv/openriscv.srcs/sources_1/imports/code/openriscv.v:205:1: ... note: In file included from 'openriscv.v'
%Warning-COMBDLY: /home/gabcro/Code/Processor_CI/cores/riscv-pipeline-cpu/openriscv/openriscv.srcs/sources_1/imports/code/ex.v:70:18: Non-blocking assignment '<=' in combinational logic process
                                                                                                                                    : ... This will be executed as a blocking assignment '='!
   70 |         funct3_o <= funct3;
      |                  ^~
                  /home/gabcro/Code/Processor_CI/cores/riscv-pipeline-cpu/openriscv/openriscv.srcs/sources_1/imports/code/openriscv.v:205:1: ... note: In file included from 'openriscv.v'
%Warning-COMBDLY: /home/gabcro/Code/Processor_CI/cores/riscv-pipeline-cpu/openriscv/openriscv.srcs/sources_1/imports/code/ex.v:71:20: Non-blocking assignment '<=' in combinational logic process
                                                                                                                                    : ... This will be executed as a blocking assignment '='!
   71 |         mem_addr_o <= 32'b0;
      |                    ^~
                  /home/gabcro/Code/Processor_CI/cores/riscv-pipeline-cpu/openriscv/openriscv.srcs/sources_1/imports/code/openriscv.v:205:1: ... note: In file included from 'openriscv.v'
%Warning-COMBDLY: /home/gabcro/Code/Processor_CI/cores/riscv-pipeline-cpu/openriscv/openriscv.srcs/sources_1/imports/code/ex.v:72:20: Non-blocking assignment '<=' in combinational logic process
                                                                                                                                    : ... This will be executed as a blocking assignment '='!
   72 |         mem_data_o <= 32'b0;
      |                    ^~
                  /home/gabcro/Code/Processor_CI/cores/riscv-pipeline-cpu/openriscv/openriscv.srcs/sources_1/imports/code/openriscv.v:205:1: ... note: In file included from 'openriscv.v'
%Warning-COMBDLY: /home/gabcro/Code/Processor_CI/cores/riscv-pipeline-cpu/openriscv/openriscv.srcs/sources_1/imports/code/ex.v:73:19: Non-blocking assignment '<=' in combinational logic process
                                                                                                                                    : ... This will be executed as a blocking assignment '='!
   73 |         is_load_o <= 1'b0;
      |                   ^~
                  /home/gabcro/Code/Processor_CI/cores/riscv-pipeline-cpu/openriscv/openriscv.srcs/sources_1/imports/code/openriscv.v:205:1: ... note: In file included from 'openriscv.v'
%Warning-COMBDLY: /home/gabcro/Code/Processor_CI/cores/riscv-pipeline-cpu/openriscv/openriscv.srcs/sources_1/imports/code/ex.v:86:33: Non-blocking assignment '<=' in combinational logic process
                                                                                                                                    : ... This will be executed as a blocking assignment '='!
   86 |                         wdata_o <= reg1_i & reg2_i;
      |                                 ^~
                  /home/gabcro/Code/Processor_CI/cores/riscv-pipeline-cpu/openriscv/openriscv.srcs/sources_1/imports/code/openriscv.v:205:1: ... note: In file included from 'openriscv.v'
%Warning-COMBDLY: /home/gabcro/Code/Processor_CI/cores/riscv-pipeline-cpu/openriscv/openriscv.srcs/sources_1/imports/code/ex.v:87:33: Non-blocking assignment '<=' in combinational logic process
                                                                                                                                    : ... This will be executed as a blocking assignment '='!
   87 |                         wd_o    <= rd;
      |                                 ^~
                  /home/gabcro/Code/Processor_CI/cores/riscv-pipeline-cpu/openriscv/openriscv.srcs/sources_1/imports/code/openriscv.v:205:1: ... note: In file included from 'openriscv.v'
%Warning-COMBDLY: /home/gabcro/Code/Processor_CI/cores/riscv-pipeline-cpu/openriscv/openriscv.srcs/sources_1/imports/code/ex.v:133:33: Non-blocking assignment '<=' in combinational logic process
                                                                                                                                     : ... This will be executed as a blocking assignment '='!
  133 |                         wdata_o <= reg1_i & reg2_i;
      |                                 ^~
                  /home/gabcro/Code/Processor_CI/cores/riscv-pipeline-cpu/openriscv/openriscv.srcs/sources_1/imports/code/openriscv.v:205:1: ... note: In file included from 'openriscv.v'
%Warning-COMBDLY: /home/gabcro/Code/Processor_CI/cores/riscv-pipeline-cpu/openriscv/openriscv.srcs/sources_1/imports/code/ex.v:134:33: Non-blocking assignment '<=' in combinational logic process
                                                                                                                                     : ... This will be executed as a blocking assignment '='!
  134 |                         wd_o    <= rd;
      |                                 ^~
                  /home/gabcro/Code/Processor_CI/cores/riscv-pipeline-cpu/openriscv/openriscv.srcs/sources_1/imports/code/openriscv.v:205:1: ... note: In file included from 'openriscv.v'
%Warning-COMBDLY: /home/gabcro/Code/Processor_CI/cores/riscv-pipeline-cpu/openriscv/openriscv.srcs/sources_1/imports/code/ex.v:155:33: Non-blocking assignment '<=' in combinational logic process
                                                                                                                                     : ... This will be executed as a blocking assignment '='!
  155 |                         wdata_o <= 32'b0;
      |                                 ^~
                  /home/gabcro/Code/Processor_CI/cores/riscv-pipeline-cpu/openriscv/openriscv.srcs/sources_1/imports/code/openriscv.v:205:1: ... note: In file included from 'openriscv.v'
%Warning-COMBDLY: /home/gabcro/Code/Processor_CI/cores/riscv-pipeline-cpu/openriscv/openriscv.srcs/sources_1/imports/code/ex.v:156:33: Non-blocking assignment '<=' in combinational logic process
                                                                                                                                     : ... This will be executed as a blocking assignment '='!
  156 |                         wd_o    <= 5'b00000;
      |                                 ^~
                  /home/gabcro/Code/Processor_CI/cores/riscv-pipeline-cpu/openriscv/openriscv.srcs/sources_1/imports/code/openriscv.v:205:1: ... note: In file included from 'openriscv.v'
%Warning-COMBDLY: /home/gabcro/Code/Processor_CI/cores/riscv-pipeline-cpu/openriscv/openriscv.srcs/sources_1/imports/code/ex.v:137:33: Non-blocking assignment '<=' in combinational logic process
                                                                                                                                     : ... This will be executed as a blocking assignment '='!
  137 |                         wdata_o <= reg1_i ^ reg2_i;
      |                                 ^~
                  /home/gabcro/Code/Processor_CI/cores/riscv-pipeline-cpu/openriscv/openriscv.srcs/sources_1/imports/code/openriscv.v:205:1: ... note: In file included from 'openriscv.v'
%Warning-COMBDLY: /home/gabcro/Code/Processor_CI/cores/riscv-pipeline-cpu/openriscv/openriscv.srcs/sources_1/imports/code/ex.v:138:33: Non-blocking assignment '<=' in combinational logic process
                                                                                                                                     : ... This will be executed as a blocking assignment '='!
  138 |                         wd_o    <= rd;
      |                                 ^~
                  /home/gabcro/Code/Processor_CI/cores/riscv-pipeline-cpu/openriscv/openriscv.srcs/sources_1/imports/code/openriscv.v:205:1: ... note: In file included from 'openriscv.v'
%Warning-COMBDLY: /home/gabcro/Code/Processor_CI/cores/riscv-pipeline-cpu/openriscv/openriscv.srcs/sources_1/imports/code/ex.v:147:33: Non-blocking assignment '<=' in combinational logic process
                                                                                                                                     : ... This will be executed as a blocking assignment '='!
  147 |                         wdata_o <= {32{(~op1_greater_than_op2_unsigned)}} & 32'h1;
      |                                 ^~
                  /home/gabcro/Code/Processor_CI/cores/riscv-pipeline-cpu/openriscv/openriscv.srcs/sources_1/imports/code/openriscv.v:205:1: ... note: In file included from 'openriscv.v'
%Warning-COMBDLY: /home/gabcro/Code/Processor_CI/cores/riscv-pipeline-cpu/openriscv/openriscv.srcs/sources_1/imports/code/ex.v:148:33: Non-blocking assignment '<=' in combinational logic process
                                                                                                                                     : ... This will be executed as a blocking assignment '='!
  148 |                         wd_o    <= rd;
      |                                 ^~
                  /home/gabcro/Code/Processor_CI/cores/riscv-pipeline-cpu/openriscv/openriscv.srcs/sources_1/imports/code/openriscv.v:205:1: ... note: In file included from 'openriscv.v'
%Warning-COMBDLY: /home/gabcro/Code/Processor_CI/cores/riscv-pipeline-cpu/openriscv/openriscv.srcs/sources_1/imports/code/ex.v:162:28: Non-blocking assignment '<=' in combinational logic process
                                                                                                                                     : ... This will be executed as a blocking assignment '='!
  162 |                 mem_addr_o <= op1_add_op2;
      |                            ^~
                  /home/gabcro/Code/Processor_CI/cores/riscv-pipeline-cpu/openriscv/openriscv.srcs/sources_1/imports/code/openriscv.v:205:1: ... note: In file included from 'openriscv.v'
%Warning-COMBDLY: /home/gabcro/Code/Processor_CI/cores/riscv-pipeline-cpu/openriscv/openriscv.srcs/sources_1/imports/code/ex.v:163:27: Non-blocking assignment '<=' in combinational logic process
                                                                                                                                     : ... This will be executed as a blocking assignment '='!
  163 |                 is_load_o <= 1'b1;
      |                           ^~
                  /home/gabcro/Code/Processor_CI/cores/riscv-pipeline-cpu/openriscv/openriscv.srcs/sources_1/imports/code/openriscv.v:205:1: ... note: In file included from 'openriscv.v'
%Warning-COMBDLY: /home/gabcro/Code/Processor_CI/cores/riscv-pipeline-cpu/openriscv/openriscv.srcs/sources_1/imports/code/ex.v:167:28: Non-blocking assignment '<=' in combinational logic process
                                                                                                                                     : ... This will be executed as a blocking assignment '='!
  167 |                 mem_addr_o <= reg1_i + {inst_i[31:25], inst_i[11:7]};
      |                            ^~
                  /home/gabcro/Code/Processor_CI/cores/riscv-pipeline-cpu/openriscv/openriscv.srcs/sources_1/imports/code/openriscv.v:205:1: ... note: In file included from 'openriscv.v'
%Warning-COMBDLY: /home/gabcro/Code/Processor_CI/cores/riscv-pipeline-cpu/openriscv/openriscv.srcs/sources_1/imports/code/ex.v:168:28: Non-blocking assignment '<=' in combinational logic process
                                                                                                                                     : ... This will be executed as a blocking assignment '='!
  168 |                 mem_data_o <= reg2_i;
      |                            ^~
                  /home/gabcro/Code/Processor_CI/cores/riscv-pipeline-cpu/openriscv/openriscv.srcs/sources_1/imports/code/openriscv.v:205:1: ... note: In file included from 'openriscv.v'
%Warning-COMBDLY: /home/gabcro/Code/Processor_CI/cores/riscv-pipeline-cpu/openriscv/openriscv.srcs/sources_1/imports/code/ex.v:171:25: Non-blocking assignment '<=' in combinational logic process
                                                                                                                                     : ... This will be executed as a blocking assignment '='!
  171 |                 wdata_o <= reg2_i;   
      |                         ^~
                  /home/gabcro/Code/Processor_CI/cores/riscv-pipeline-cpu/openriscv/openriscv.srcs/sources_1/imports/code/openriscv.v:205:1: ... note: In file included from 'openriscv.v'
%Warning-COMBDLY: /home/gabcro/Code/Processor_CI/cores/riscv-pipeline-cpu/openriscv/openriscv.srcs/sources_1/imports/code/ex.v:172:25: Non-blocking assignment '<=' in combinational logic process
                                                                                                                                     : ... This will be executed as a blocking assignment '='!
  172 |                 wd_o    <= rd;
      |                         ^~
                  /home/gabcro/Code/Processor_CI/cores/riscv-pipeline-cpu/openriscv/openriscv.srcs/sources_1/imports/code/openriscv.v:205:1: ... note: In file included from 'openriscv.v'
%Warning-COMBDLY: /home/gabcro/Code/Processor_CI/cores/riscv-pipeline-cpu/openriscv/openriscv.srcs/sources_1/imports/code/ex.v:175:25: Non-blocking assignment '<=' in combinational logic process
                                                                                                                                     : ... This will be executed as a blocking assignment '='!
  175 |                 wdata_o <= reg2_i;   
      |                         ^~
                  /home/gabcro/Code/Processor_CI/cores/riscv-pipeline-cpu/openriscv/openriscv.srcs/sources_1/imports/code/openriscv.v:205:1: ... note: In file included from 'openriscv.v'
%Warning-COMBDLY: /home/gabcro/Code/Processor_CI/cores/riscv-pipeline-cpu/openriscv/openriscv.srcs/sources_1/imports/code/ex.v:176:25: Non-blocking assignment '<=' in combinational logic process
                                                                                                                                     : ... This will be executed as a blocking assignment '='!
  176 |                 wd_o    <= rd;
      |                         ^~
                  /home/gabcro/Code/Processor_CI/cores/riscv-pipeline-cpu/openriscv/openriscv.srcs/sources_1/imports/code/openriscv.v:205:1: ... note: In file included from 'openriscv.v'
%Warning-COMBDLY: /home/gabcro/Code/Processor_CI/cores/riscv-pipeline-cpu/openriscv/openriscv.srcs/sources_1/imports/code/regfile.v:55:18: Non-blocking assignment '<=' in combinational logic process
                                                                                                                                         : ... This will be executed as a blocking assignment '='!
   55 |         rd_data1 <= 32'b0;
      |                  ^~
                  /home/gabcro/Code/Processor_CI/cores/riscv-pipeline-cpu/openriscv/openriscv.srcs/sources_1/imports/code/openriscv.v:166:1: ... note: In file included from 'openriscv.v'
%Warning-COMBDLY: /home/gabcro/Code/Processor_CI/cores/riscv-pipeline-cpu/openriscv/openriscv.srcs/sources_1/imports/code/regfile.v:72:18: Non-blocking assignment '<=' in combinational logic process
                                                                                                                                         : ... This will be executed as a blocking assignment '='!
   72 |         rd_data2 <= 32'b0;
      |                  ^~
                  /home/gabcro/Code/Processor_CI/cores/riscv-pipeline-cpu/openriscv/openriscv.srcs/sources_1/imports/code/openriscv.v:166:1: ... note: In file included from 'openriscv.v'
%Warning-COMBDLY: /home/gabcro/Code/Processor_CI/cores/riscv-pipeline-cpu/openriscv/openriscv.srcs/sources_1/imports/code/id.v:85:29: Non-blocking assignment '<=' in combinational logic process
                                                                                                                                    : ... This will be executed as a blocking assignment '='!
   85 |         inst_o              <= inst_i;
      |                             ^~
                  /home/gabcro/Code/Processor_CI/cores/riscv-pipeline-cpu/openriscv/openriscv.srcs/sources_1/imports/code/openriscv.v:124:1: ... note: In file included from 'openriscv.v'
%Warning-COMBDLY: /home/gabcro/Code/Processor_CI/cores/riscv-pipeline-cpu/openriscv/openriscv.srcs/sources_1/imports/code/id.v:87:29: Non-blocking assignment '<=' in combinational logic process
                                                                                                                                    : ... This will be executed as a blocking assignment '='!
   87 |             wd_o            <= 5'b00000;
      |                             ^~
                  /home/gabcro/Code/Processor_CI/cores/riscv-pipeline-cpu/openriscv/openriscv.srcs/sources_1/imports/code/openriscv.v:124:1: ... note: In file included from 'openriscv.v'
%Warning-COMBDLY: /home/gabcro/Code/Processor_CI/cores/riscv-pipeline-cpu/openriscv/openriscv.srcs/sources_1/imports/code/id.v:88:29: Non-blocking assignment '<=' in combinational logic process
                                                                                                                                    : ... This will be executed as a blocking assignment '='!
   88 |             wreg_o          <= 1'b0;
      |                             ^~
                  /home/gabcro/Code/Processor_CI/cores/riscv-pipeline-cpu/openriscv/openriscv.srcs/sources_1/imports/code/openriscv.v:124:1: ... note: In file included from 'openriscv.v'
%Warning-COMBDLY: /home/gabcro/Code/Processor_CI/cores/riscv-pipeline-cpu/openriscv/openriscv.srcs/sources_1/imports/code/id.v:89:29: Non-blocking assignment '<=' in combinational logic process
                                                                                                                                    : ... This will be executed as a blocking assignment '='!
   89 |             instvalid       <= 1'b1;
      |                             ^~
                  /home/gabcro/Code/Processor_CI/cores/riscv-pipeline-cpu/openriscv/openriscv.srcs/sources_1/imports/code/openriscv.v:124:1: ... note: In file included from 'openriscv.v'
%Warning-COMBDLY: /home/gabcro/Code/Processor_CI/cores/riscv-pipeline-cpu/openriscv/openriscv.srcs/sources_1/imports/code/id.v:90:29: Non-blocking assignment '<=' in combinational logic process
                                                                                                                                    : ... This will be executed as a blocking assignment '='!
   90 |             reg1_read_o     <= 1'b0;
      |                             ^~
                  /home/gabcro/Code/Processor_CI/cores/riscv-pipeline-cpu/openriscv/openriscv.srcs/sources_1/imports/code/openriscv.v:124:1: ... note: In file included from 'openriscv.v'
%Warning-COMBDLY: /home/gabcro/Code/Processor_CI/cores/riscv-pipeline-cpu/openriscv/openriscv.srcs/sources_1/imports/code/id.v:91:29: Non-blocking assignment '<=' in combinational logic process
                                                                                                                                    : ... This will be executed as a blocking assignment '='!
   91 |             reg2_read_o     <= 1'b0;
      |                             ^~
                  /home/gabcro/Code/Processor_CI/cores/riscv-pipeline-cpu/openriscv/openriscv.srcs/sources_1/imports/code/openriscv.v:124:1: ... note: In file included from 'openriscv.v'
%Warning-COMBDLY: /home/gabcro/Code/Processor_CI/cores/riscv-pipeline-cpu/openriscv/openriscv.srcs/sources_1/imports/code/id.v:92:29: Non-blocking assignment '<=' in combinational logic process
                                                                                                                                    : ... This will be executed as a blocking assignment '='!
   92 |             reg1_addr_o     <= 5'b00000;
      |                             ^~
                  /home/gabcro/Code/Processor_CI/cores/riscv-pipeline-cpu/openriscv/openriscv.srcs/sources_1/imports/code/openriscv.v:124:1: ... note: In file included from 'openriscv.v'
%Warning-COMBDLY: /home/gabcro/Code/Processor_CI/cores/riscv-pipeline-cpu/openriscv/openriscv.srcs/sources_1/imports/code/id.v:93:29: Non-blocking assignment '<=' in combinational logic process
                                                                                                                                    : ... This will be executed as a blocking assignment '='!
   93 |             reg2_addr_o     <= 5'b00000;
      |                             ^~
                  /home/gabcro/Code/Processor_CI/cores/riscv-pipeline-cpu/openriscv/openriscv.srcs/sources_1/imports/code/openriscv.v:124:1: ... note: In file included from 'openriscv.v'
%Warning-COMBDLY: /home/gabcro/Code/Processor_CI/cores/riscv-pipeline-cpu/openriscv/openriscv.srcs/sources_1/imports/code/id.v:94:29: Non-blocking assignment '<=' in combinational logic process
                                                                                                                                    : ... This will be executed as a blocking assignment '='!
   94 |             imm             <= 32'b0;
      |                             ^~
                  /home/gabcro/Code/Processor_CI/cores/riscv-pipeline-cpu/openriscv/openriscv.srcs/sources_1/imports/code/openriscv.v:124:1: ... note: In file included from 'openriscv.v'
%Warning-COMBDLY: /home/gabcro/Code/Processor_CI/cores/riscv-pipeline-cpu/openriscv/openriscv.srcs/sources_1/imports/code/id.v:95:29: Non-blocking assignment '<=' in combinational logic process
                                                                                                                                    : ... This will be executed as a blocking assignment '='!
   95 |             branch_flag_o   <= 1'b0;
      |                             ^~
                  /home/gabcro/Code/Processor_CI/cores/riscv-pipeline-cpu/openriscv/openriscv.srcs/sources_1/imports/code/openriscv.v:124:1: ... note: In file included from 'openriscv.v'
%Warning-COMBDLY: /home/gabcro/Code/Processor_CI/cores/riscv-pipeline-cpu/openriscv/openriscv.srcs/sources_1/imports/code/id.v:96:29: Non-blocking assignment '<=' in combinational logic process
                                                                                                                                    : ... This will be executed as a blocking assignment '='!
   96 |             branch_addr_o   <= 32'b0;
      |                             ^~
                  /home/gabcro/Code/Processor_CI/cores/riscv-pipeline-cpu/openriscv/openriscv.srcs/sources_1/imports/code/openriscv.v:124:1: ... note: In file included from 'openriscv.v'
%Warning-COMBDLY: /home/gabcro/Code/Processor_CI/cores/riscv-pipeline-cpu/openriscv/openriscv.srcs/sources_1/imports/code/id.v:98:29: Non-blocking assignment '<=' in combinational logic process
                                                                                                                                    : ... This will be executed as a blocking assignment '='!
   98 |             wd_o            <= rd;
      |                             ^~
                  /home/gabcro/Code/Processor_CI/cores/riscv-pipeline-cpu/openriscv/openriscv.srcs/sources_1/imports/code/openriscv.v:124:1: ... note: In file included from 'openriscv.v'
%Warning-COMBDLY: /home/gabcro/Code/Processor_CI/cores/riscv-pipeline-cpu/openriscv/openriscv.srcs/sources_1/imports/code/id.v:99:29: Non-blocking assignment '<=' in combinational logic process
                                                                                                                                    : ... This will be executed as a blocking assignment '='!
   99 |             wreg_o          <= 1'b0;
      |                             ^~
                  /home/gabcro/Code/Processor_CI/cores/riscv-pipeline-cpu/openriscv/openriscv.srcs/sources_1/imports/code/openriscv.v:124:1: ... note: In file included from 'openriscv.v'
%Warning-COMBDLY: /home/gabcro/Code/Processor_CI/cores/riscv-pipeline-cpu/openriscv/openriscv.srcs/sources_1/imports/code/id.v:100:29: Non-blocking assignment '<=' in combinational logic process
                                                                                                                                     : ... This will be executed as a blocking assignment '='!
  100 |             instvalid       <= 1'b1;
      |                             ^~
                  /home/gabcro/Code/Processor_CI/cores/riscv-pipeline-cpu/openriscv/openriscv.srcs/sources_1/imports/code/openriscv.v:124:1: ... note: In file included from 'openriscv.v'
%Warning-COMBDLY: /home/gabcro/Code/Processor_CI/cores/riscv-pipeline-cpu/openriscv/openriscv.srcs/sources_1/imports/code/id.v:101:29: Non-blocking assignment '<=' in combinational logic process
                                                                                                                                     : ... This will be executed as a blocking assignment '='!
  101 |             reg1_read_o     <= 1'b0;
      |                             ^~
                  /home/gabcro/Code/Processor_CI/cores/riscv-pipeline-cpu/openriscv/openriscv.srcs/sources_1/imports/code/openriscv.v:124:1: ... note: In file included from 'openriscv.v'
%Warning-COMBDLY: /home/gabcro/Code/Processor_CI/cores/riscv-pipeline-cpu/openriscv/openriscv.srcs/sources_1/imports/code/id.v:102:29: Non-blocking assignment '<=' in combinational logic process
                                                                                                                                     : ... This will be executed as a blocking assignment '='!
  102 |             reg2_read_o     <= 1'b0;
      |                             ^~
                  /home/gabcro/Code/Processor_CI/cores/riscv-pipeline-cpu/openriscv/openriscv.srcs/sources_1/imports/code/openriscv.v:124:1: ... note: In file included from 'openriscv.v'
%Warning-COMBDLY: /home/gabcro/Code/Processor_CI/cores/riscv-pipeline-cpu/openriscv/openriscv.srcs/sources_1/imports/code/id.v:103:29: Non-blocking assignment '<=' in combinational logic process
                                                                                                                                     : ... This will be executed as a blocking assignment '='!
  103 |             reg1_addr_o     <= rs1;
      |                             ^~
                  /home/gabcro/Code/Processor_CI/cores/riscv-pipeline-cpu/openriscv/openriscv.srcs/sources_1/imports/code/openriscv.v:124:1: ... note: In file included from 'openriscv.v'
%Warning-COMBDLY: /home/gabcro/Code/Processor_CI/cores/riscv-pipeline-cpu/openriscv/openriscv.srcs/sources_1/imports/code/id.v:104:29: Non-blocking assignment '<=' in combinational logic process
                                                                                                                                     : ... This will be executed as a blocking assignment '='!
  104 |             reg2_addr_o     <= rs2;      
      |                             ^~
                  /home/gabcro/Code/Processor_CI/cores/riscv-pipeline-cpu/openriscv/openriscv.srcs/sources_1/imports/code/openriscv.v:124:1: ... note: In file included from 'openriscv.v'
%Warning-COMBDLY: /home/gabcro/Code/Processor_CI/cores/riscv-pipeline-cpu/openriscv/openriscv.srcs/sources_1/imports/code/id.v:106:29: Non-blocking assignment '<=' in combinational logic process
                                                                                                                                     : ... This will be executed as a blocking assignment '='!
  106 |             imm             <= 32'b0;
      |                             ^~
                  /home/gabcro/Code/Processor_CI/cores/riscv-pipeline-cpu/openriscv/openriscv.srcs/sources_1/imports/code/openriscv.v:124:1: ... note: In file included from 'openriscv.v'
%Warning-COMBDLY: /home/gabcro/Code/Processor_CI/cores/riscv-pipeline-cpu/openriscv/openriscv.srcs/sources_1/imports/code/id.v:107:29: Non-blocking assignment '<=' in combinational logic process
                                                                                                                                     : ... This will be executed as a blocking assignment '='!
  107 |             branch_flag_o   <= 1'b0;
      |                             ^~
                  /home/gabcro/Code/Processor_CI/cores/riscv-pipeline-cpu/openriscv/openriscv.srcs/sources_1/imports/code/openriscv.v:124:1: ... note: In file included from 'openriscv.v'
%Warning-COMBDLY: /home/gabcro/Code/Processor_CI/cores/riscv-pipeline-cpu/openriscv/openriscv.srcs/sources_1/imports/code/id.v:108:29: Non-blocking assignment '<=' in combinational logic process
                                                                                                                                     : ... This will be executed as a blocking assignment '='!
  108 |             branch_addr_o   <= 32'b0;
      |                             ^~
                  /home/gabcro/Code/Processor_CI/cores/riscv-pipeline-cpu/openriscv/openriscv.srcs/sources_1/imports/code/openriscv.v:124:1: ... note: In file included from 'openriscv.v'
%Warning-COMBDLY: /home/gabcro/Code/Processor_CI/cores/riscv-pipeline-cpu/openriscv/openriscv.srcs/sources_1/imports/code/id.v:256:33: Non-blocking assignment '<=' in combinational logic process
                                                                                                                                     : ... This will be executed as a blocking assignment '='!
  256 |                     wreg_o      <= 1'b1;     
      |                                 ^~
                  /home/gabcro/Code/Processor_CI/cores/riscv-pipeline-cpu/openriscv/openriscv.srcs/sources_1/imports/code/openriscv.v:124:1: ... note: In file included from 'openriscv.v'
%Warning-COMBDLY: /home/gabcro/Code/Processor_CI/cores/riscv-pipeline-cpu/openriscv/openriscv.srcs/sources_1/imports/code/id.v:257:33: Non-blocking assignment '<=' in combinational logic process
                                                                                                                                     : ... This will be executed as a blocking assignment '='!
  257 |                     reg1_read_o <= 1'b0;             
      |                                 ^~
                  /home/gabcro/Code/Processor_CI/cores/riscv-pipeline-cpu/openriscv/openriscv.srcs/sources_1/imports/code/openriscv.v:124:1: ... note: In file included from 'openriscv.v'
%Warning-COMBDLY: /home/gabcro/Code/Processor_CI/cores/riscv-pipeline-cpu/openriscv/openriscv.srcs/sources_1/imports/code/id.v:258:33: Non-blocking assignment '<=' in combinational logic process
                                                                                                                                     : ... This will be executed as a blocking assignment '='!
  258 |                     reg2_read_o <= 1'b0;             
      |                                 ^~
                  /home/gabcro/Code/Processor_CI/cores/riscv-pipeline-cpu/openriscv/openriscv.srcs/sources_1/imports/code/openriscv.v:124:1: ... note: In file included from 'openriscv.v'
%Warning-COMBDLY: /home/gabcro/Code/Processor_CI/cores/riscv-pipeline-cpu/openriscv/openriscv.srcs/sources_1/imports/code/id.v:259:33: Non-blocking assignment '<=' in combinational logic process
                                                                                                                                     : ... This will be executed as a blocking assignment '='!
  259 |                     instvalid   <= 1'b0;       
      |                                 ^~
                  /home/gabcro/Code/Processor_CI/cores/riscv-pipeline-cpu/openriscv/openriscv.srcs/sources_1/imports/code/openriscv.v:124:1: ... note: In file included from 'openriscv.v'
%Warning-COMBDLY: /home/gabcro/Code/Processor_CI/cores/riscv-pipeline-cpu/openriscv/openriscv.srcs/sources_1/imports/code/id.v:260:35: Non-blocking assignment '<=' in combinational logic process
                                                                                                                                     : ... This will be executed as a blocking assignment '='!
  260 |                     branch_addr_o <= {12'h0, inst_i[31], inst_i[19:12], inst_i[20], inst_i[30:21], 1'b0} + pc_i;   
      |                                   ^~
                  /home/gabcro/Code/Processor_CI/cores/riscv-pipeline-cpu/openriscv/openriscv.srcs/sources_1/imports/code/openriscv.v:124:1: ... note: In file included from 'openriscv.v'
%Warning-COMBDLY: /home/gabcro/Code/Processor_CI/cores/riscv-pipeline-cpu/openriscv/openriscv.srcs/sources_1/imports/code/id.v:261:35: Non-blocking assignment '<=' in combinational logic process
                                                                                                                                     : ... This will be executed as a blocking assignment '='!
  261 |                     branch_flag_o <= 1'b1;  
      |                                   ^~
                  /home/gabcro/Code/Processor_CI/cores/riscv-pipeline-cpu/openriscv/openriscv.srcs/sources_1/imports/code/openriscv.v:124:1: ... note: In file included from 'openriscv.v'
%Warning-COMBDLY: /home/gabcro/Code/Processor_CI/cores/riscv-pipeline-cpu/openriscv/openriscv.srcs/sources_1/imports/code/id.v:264:32: Non-blocking assignment '<=' in combinational logic process
                                                                                                                                     : ... This will be executed as a blocking assignment '='!
  264 |                     imm        <= pc_plus_4;        
      |                                ^~
                  /home/gabcro/Code/Processor_CI/cores/riscv-pipeline-cpu/openriscv/openriscv.srcs/sources_1/imports/code/openriscv.v:124:1: ... note: In file included from 'openriscv.v'
%Warning-COMBDLY: /home/gabcro/Code/Processor_CI/cores/riscv-pipeline-cpu/openriscv/openriscv.srcs/sources_1/imports/code/id.v:265:33: Non-blocking assignment '<=' in combinational logic process
                                                                                                                                     : ... This will be executed as a blocking assignment '='!
  265 |                     wd_o        <= rd;               
      |                                 ^~
                  /home/gabcro/Code/Processor_CI/cores/riscv-pipeline-cpu/openriscv/openriscv.srcs/sources_1/imports/code/openriscv.v:124:1: ... note: In file included from 'openriscv.v'
%Warning-COMBDLY: /home/gabcro/Code/Processor_CI/cores/riscv-pipeline-cpu/openriscv/openriscv.srcs/sources_1/imports/code/id.v:268:33: Non-blocking assignment '<=' in combinational logic process
                                                                                                                                     : ... This will be executed as a blocking assignment '='!
  268 |                     wreg_o      <= 1'b1;     
      |                                 ^~
                  /home/gabcro/Code/Processor_CI/cores/riscv-pipeline-cpu/openriscv/openriscv.srcs/sources_1/imports/code/openriscv.v:124:1: ... note: In file included from 'openriscv.v'
%Warning-COMBDLY: /home/gabcro/Code/Processor_CI/cores/riscv-pipeline-cpu/openriscv/openriscv.srcs/sources_1/imports/code/id.v:269:33: Non-blocking assignment '<=' in combinational logic process
                                                                                                                                     : ... This will be executed as a blocking assignment '='!
  269 |                     reg1_read_o <= 1'b1;             
      |                                 ^~
                  /home/gabcro/Code/Processor_CI/cores/riscv-pipeline-cpu/openriscv/openriscv.srcs/sources_1/imports/code/openriscv.v:124:1: ... note: In file included from 'openriscv.v'
%Warning-COMBDLY: /home/gabcro/Code/Processor_CI/cores/riscv-pipeline-cpu/openriscv/openriscv.srcs/sources_1/imports/code/id.v:270:33: Non-blocking assignment '<=' in combinational logic process
                                                                                                                                     : ... This will be executed as a blocking assignment '='!
  270 |                     reg2_read_o <= 1'b0;             
      |                                 ^~
                  /home/gabcro/Code/Processor_CI/cores/riscv-pipeline-cpu/openriscv/openriscv.srcs/sources_1/imports/code/openriscv.v:124:1: ... note: In file included from 'openriscv.v'
%Warning-COMBDLY: /home/gabcro/Code/Processor_CI/cores/riscv-pipeline-cpu/openriscv/openriscv.srcs/sources_1/imports/code/id.v:271:33: Non-blocking assignment '<=' in combinational logic process
                                                                                                                                     : ... This will be executed as a blocking assignment '='!
  271 |                     instvalid   <= 1'b0;       
      |                                 ^~
                  /home/gabcro/Code/Processor_CI/cores/riscv-pipeline-cpu/openriscv/openriscv.srcs/sources_1/imports/code/openriscv.v:124:1: ... note: In file included from 'openriscv.v'
%Warning-COMBDLY: /home/gabcro/Code/Processor_CI/cores/riscv-pipeline-cpu/openriscv/openriscv.srcs/sources_1/imports/code/id.v:272:35: Non-blocking assignment '<=' in combinational logic process
                                                                                                                                     : ... This will be executed as a blocking assignment '='!
  272 |                     branch_addr_o <= {inst_i[31:20], 1'b0} + reg1_o;   
      |                                   ^~
                  /home/gabcro/Code/Processor_CI/cores/riscv-pipeline-cpu/openriscv/openriscv.srcs/sources_1/imports/code/openriscv.v:124:1: ... note: In file included from 'openriscv.v'
%Warning-COMBDLY: /home/gabcro/Code/Processor_CI/cores/riscv-pipeline-cpu/openriscv/openriscv.srcs/sources_1/imports/code/id.v:273:35: Non-blocking assignment '<=' in combinational logic process
                                                                                                                                     : ... This will be executed as a blocking assignment '='!
  273 |                     branch_flag_o <= 1'b1;  
      |                                   ^~
                  /home/gabcro/Code/Processor_CI/cores/riscv-pipeline-cpu/openriscv/openriscv.srcs/sources_1/imports/code/openriscv.v:124:1: ... note: In file included from 'openriscv.v'
%Warning-COMBDLY: /home/gabcro/Code/Processor_CI/cores/riscv-pipeline-cpu/openriscv/openriscv.srcs/sources_1/imports/code/id.v:275:33: Non-blocking assignment '<=' in combinational logic process
                                                                                                                                     : ... This will be executed as a blocking assignment '='!
  275 |                     imm         <= pc_plus_4;        
      |                                 ^~
                  /home/gabcro/Code/Processor_CI/cores/riscv-pipeline-cpu/openriscv/openriscv.srcs/sources_1/imports/code/openriscv.v:124:1: ... note: In file included from 'openriscv.v'
%Warning-COMBDLY: /home/gabcro/Code/Processor_CI/cores/riscv-pipeline-cpu/openriscv/openriscv.srcs/sources_1/imports/code/id.v:276:33: Non-blocking assignment '<=' in combinational logic process
                                                                                                                                     : ... This will be executed as a blocking assignment '='!
  276 |                     wd_o        <= rd;               
      |                                 ^~
                  /home/gabcro/Code/Processor_CI/cores/riscv-pipeline-cpu/openriscv/openriscv.srcs/sources_1/imports/code/openriscv.v:124:1: ... note: In file included from 'openriscv.v'
%Warning-COMBDLY: /home/gabcro/Code/Processor_CI/cores/riscv-pipeline-cpu/openriscv/openriscv.srcs/sources_1/imports/code/id.v:198:41: Non-blocking assignment '<=' in combinational logic process
                                                                                                                                     : ... This will be executed as a blocking assignment '='!
  198 |                             wreg_o      <= 1'b0;    
      |                                         ^~
                  /home/gabcro/Code/Processor_CI/cores/riscv-pipeline-cpu/openriscv/openriscv.srcs/sources_1/imports/code/openriscv.v:124:1: ... note: In file included from 'openriscv.v'
%Warning-COMBDLY: /home/gabcro/Code/Processor_CI/cores/riscv-pipeline-cpu/openriscv/openriscv.srcs/sources_1/imports/code/id.v:199:41: Non-blocking assignment '<=' in combinational logic process
                                                                                                                                     : ... This will be executed as a blocking assignment '='!
  199 |                             reg1_read_o <= 1'b1;             
      |                                         ^~
                  /home/gabcro/Code/Processor_CI/cores/riscv-pipeline-cpu/openriscv/openriscv.srcs/sources_1/imports/code/openriscv.v:124:1: ... note: In file included from 'openriscv.v'
%Warning-COMBDLY: /home/gabcro/Code/Processor_CI/cores/riscv-pipeline-cpu/openriscv/openriscv.srcs/sources_1/imports/code/id.v:200:41: Non-blocking assignment '<=' in combinational logic process
                                                                                                                                     : ... This will be executed as a blocking assignment '='!
  200 |                             reg2_read_o <= 1'b1;             
      |                                         ^~
                  /home/gabcro/Code/Processor_CI/cores/riscv-pipeline-cpu/openriscv/openriscv.srcs/sources_1/imports/code/openriscv.v:124:1: ... note: In file included from 'openriscv.v'
%Warning-COMBDLY: /home/gabcro/Code/Processor_CI/cores/riscv-pipeline-cpu/openriscv/openriscv.srcs/sources_1/imports/code/id.v:201:41: Non-blocking assignment '<=' in combinational logic process
                                                                                                                                     : ... This will be executed as a blocking assignment '='!
  201 |                             instvalid   <= 1'b0;       
      |                                         ^~
                  /home/gabcro/Code/Processor_CI/cores/riscv-pipeline-cpu/openriscv/openriscv.srcs/sources_1/imports/code/openriscv.v:124:1: ... note: In file included from 'openriscv.v'
%Warning-COMBDLY: /home/gabcro/Code/Processor_CI/cores/riscv-pipeline-cpu/openriscv/openriscv.srcs/sources_1/imports/code/id.v:203:43: Non-blocking assignment '<=' in combinational logic process
                                                                                                                                     : ... This will be executed as a blocking assignment '='!
  203 |                             branch_flag_o <= op1_greater_than_op2_unsigned;
      |                                           ^~
                  /home/gabcro/Code/Processor_CI/cores/riscv-pipeline-cpu/openriscv/openriscv.srcs/sources_1/imports/code/openriscv.v:124:1: ... note: In file included from 'openriscv.v'
%Warning-COMBDLY: /home/gabcro/Code/Processor_CI/cores/riscv-pipeline-cpu/openriscv/openriscv.srcs/sources_1/imports/code/id.v:204:43: Non-blocking assignment '<=' in combinational logic process
                                                                                                                                     : ... This will be executed as a blocking assignment '='!
  204 |                             branch_addr_o <= (type_b_imm + pc_i) & {32{op1_greater_than_op2_unsigned}};  
      |                                           ^~
                  /home/gabcro/Code/Processor_CI/cores/riscv-pipeline-cpu/openriscv/openriscv.srcs/sources_1/imports/code/openriscv.v:124:1: ... note: In file included from 'openriscv.v'
%Warning-COMBDLY: /home/gabcro/Code/Processor_CI/cores/riscv-pipeline-cpu/openriscv/openriscv.srcs/sources_1/imports/code/id.v:180:41: Non-blocking assignment '<=' in combinational logic process
                                                                                                                                     : ... This will be executed as a blocking assignment '='!
  180 |                             wreg_o      <= 1'b0;    
      |                                         ^~
                  /home/gabcro/Code/Processor_CI/cores/riscv-pipeline-cpu/openriscv/openriscv.srcs/sources_1/imports/code/openriscv.v:124:1: ... note: In file included from 'openriscv.v'
%Warning-COMBDLY: /home/gabcro/Code/Processor_CI/cores/riscv-pipeline-cpu/openriscv/openriscv.srcs/sources_1/imports/code/id.v:181:41: Non-blocking assignment '<=' in combinational logic process
                                                                                                                                     : ... This will be executed as a blocking assignment '='!
  181 |                             reg1_read_o <= 1'b1;             
      |                                         ^~
                  /home/gabcro/Code/Processor_CI/cores/riscv-pipeline-cpu/openriscv/openriscv.srcs/sources_1/imports/code/openriscv.v:124:1: ... note: In file included from 'openriscv.v'
%Warning-COMBDLY: /home/gabcro/Code/Processor_CI/cores/riscv-pipeline-cpu/openriscv/openriscv.srcs/sources_1/imports/code/id.v:182:41: Non-blocking assignment '<=' in combinational logic process
                                                                                                                                     : ... This will be executed as a blocking assignment '='!
  182 |                             reg2_read_o <= 1'b1;             
      |                                         ^~
                  /home/gabcro/Code/Processor_CI/cores/riscv-pipeline-cpu/openriscv/openriscv.srcs/sources_1/imports/code/openriscv.v:124:1: ... note: In file included from 'openriscv.v'
%Warning-COMBDLY: /home/gabcro/Code/Processor_CI/cores/riscv-pipeline-cpu/openriscv/openriscv.srcs/sources_1/imports/code/id.v:183:41: Non-blocking assignment '<=' in combinational logic process
                                                                                                                                     : ... This will be executed as a blocking assignment '='!
  183 |                             instvalid   <= 1'b0;       
      |                                         ^~
                  /home/gabcro/Code/Processor_CI/cores/riscv-pipeline-cpu/openriscv/openriscv.srcs/sources_1/imports/code/openriscv.v:124:1: ... note: In file included from 'openriscv.v'
%Warning-COMBDLY: /home/gabcro/Code/Processor_CI/cores/riscv-pipeline-cpu/openriscv/openriscv.srcs/sources_1/imports/code/id.v:185:43: Non-blocking assignment '<=' in combinational logic process
                                                                                                                                     : ... This will be executed as a blocking assignment '='!
  185 |                             branch_flag_o <= ~op1_greater_than_op2_unsigned;
      |                                           ^~
                  /home/gabcro/Code/Processor_CI/cores/riscv-pipeline-cpu/openriscv/openriscv.srcs/sources_1/imports/code/openriscv.v:124:1: ... note: In file included from 'openriscv.v'
%Warning-COMBDLY: /home/gabcro/Code/Processor_CI/cores/riscv-pipeline-cpu/openriscv/openriscv.srcs/sources_1/imports/code/id.v:186:43: Non-blocking assignment '<=' in combinational logic process
                                                                                                                                     : ... This will be executed as a blocking assignment '='!
  186 |                             branch_addr_o <= (type_b_imm + pc_i) & {32{~op1_greater_than_op2_unsigned}};  
      |                                           ^~
                  /home/gabcro/Code/Processor_CI/cores/riscv-pipeline-cpu/openriscv/openriscv.srcs/sources_1/imports/code/openriscv.v:124:1: ... note: In file included from 'openriscv.v'
%Warning-COMBDLY: /home/gabcro/Code/Processor_CI/cores/riscv-pipeline-cpu/openriscv/openriscv.srcs/sources_1/imports/code/id.v:189:41: Non-blocking assignment '<=' in combinational logic process
                                                                                                                                     : ... This will be executed as a blocking assignment '='!
  189 |                             wreg_o      <= 1'b0;    
      |                                         ^~
                  /home/gabcro/Code/Processor_CI/cores/riscv-pipeline-cpu/openriscv/openriscv.srcs/sources_1/imports/code/openriscv.v:124:1: ... note: In file included from 'openriscv.v'
%Warning-COMBDLY: /home/gabcro/Code/Processor_CI/cores/riscv-pipeline-cpu/openriscv/openriscv.srcs/sources_1/imports/code/id.v:190:41: Non-blocking assignment '<=' in combinational logic process
                                                                                                                                     : ... This will be executed as a blocking assignment '='!
  190 |                             reg1_read_o <= 1'b1;             
      |                                         ^~
                  /home/gabcro/Code/Processor_CI/cores/riscv-pipeline-cpu/openriscv/openriscv.srcs/sources_1/imports/code/openriscv.v:124:1: ... note: In file included from 'openriscv.v'
%Warning-COMBDLY: /home/gabcro/Code/Processor_CI/cores/riscv-pipeline-cpu/openriscv/openriscv.srcs/sources_1/imports/code/id.v:191:41: Non-blocking assignment '<=' in combinational logic process
                                                                                                                                     : ... This will be executed as a blocking assignment '='!
  191 |                             reg2_read_o <= 1'b1;             
      |                                         ^~
                  /home/gabcro/Code/Processor_CI/cores/riscv-pipeline-cpu/openriscv/openriscv.srcs/sources_1/imports/code/openriscv.v:124:1: ... note: In file included from 'openriscv.v'
%Warning-COMBDLY: /home/gabcro/Code/Processor_CI/cores/riscv-pipeline-cpu/openriscv/openriscv.srcs/sources_1/imports/code/id.v:192:41: Non-blocking assignment '<=' in combinational logic process
                                                                                                                                     : ... This will be executed as a blocking assignment '='!
  192 |                             instvalid   <= 1'b0;       
      |                                         ^~
                  /home/gabcro/Code/Processor_CI/cores/riscv-pipeline-cpu/openriscv/openriscv.srcs/sources_1/imports/code/openriscv.v:124:1: ... note: In file included from 'openriscv.v'
%Warning-COMBDLY: /home/gabcro/Code/Processor_CI/cores/riscv-pipeline-cpu/openriscv/openriscv.srcs/sources_1/imports/code/id.v:194:43: Non-blocking assignment '<=' in combinational logic process
                                                                                                                                     : ... This will be executed as a blocking assignment '='!
  194 |                             branch_flag_o <= op1_greater_than_op2_singned;
      |                                           ^~
                  /home/gabcro/Code/Processor_CI/cores/riscv-pipeline-cpu/openriscv/openriscv.srcs/sources_1/imports/code/openriscv.v:124:1: ... note: In file included from 'openriscv.v'
%Warning-COMBDLY: /home/gabcro/Code/Processor_CI/cores/riscv-pipeline-cpu/openriscv/openriscv.srcs/sources_1/imports/code/id.v:195:43: Non-blocking assignment '<=' in combinational logic process
                                                                                                                                     : ... This will be executed as a blocking assignment '='!
  195 |                             branch_addr_o <= (type_b_imm + pc_i) & {32{op1_greater_than_op2_singned}};  
      |                                           ^~
                  /home/gabcro/Code/Processor_CI/cores/riscv-pipeline-cpu/openriscv/openriscv.srcs/sources_1/imports/code/openriscv.v:124:1: ... note: In file included from 'openriscv.v'
%Warning-COMBDLY: /home/gabcro/Code/Processor_CI/cores/riscv-pipeline-cpu/openriscv/openriscv.srcs/sources_1/imports/code/id.v:171:41: Non-blocking assignment '<=' in combinational logic process
                                                                                                                                     : ... This will be executed as a blocking assignment '='!
  171 |                             wreg_o      <= 1'b0;    
      |                                         ^~
                  /home/gabcro/Code/Processor_CI/cores/riscv-pipeline-cpu/openriscv/openriscv.srcs/sources_1/imports/code/openriscv.v:124:1: ... note: In file included from 'openriscv.v'
%Warning-COMBDLY: /home/gabcro/Code/Processor_CI/cores/riscv-pipeline-cpu/openriscv/openriscv.srcs/sources_1/imports/code/id.v:172:41: Non-blocking assignment '<=' in combinational logic process
                                                                                                                                     : ... This will be executed as a blocking assignment '='!
  172 |                             reg1_read_o <= 1'b1;             
      |                                         ^~
                  /home/gabcro/Code/Processor_CI/cores/riscv-pipeline-cpu/openriscv/openriscv.srcs/sources_1/imports/code/openriscv.v:124:1: ... note: In file included from 'openriscv.v'
%Warning-COMBDLY: /home/gabcro/Code/Processor_CI/cores/riscv-pipeline-cpu/openriscv/openriscv.srcs/sources_1/imports/code/id.v:173:41: Non-blocking assignment '<=' in combinational logic process
                                                                                                                                     : ... This will be executed as a blocking assignment '='!
  173 |                             reg2_read_o <= 1'b1;             
      |                                         ^~
                  /home/gabcro/Code/Processor_CI/cores/riscv-pipeline-cpu/openriscv/openriscv.srcs/sources_1/imports/code/openriscv.v:124:1: ... note: In file included from 'openriscv.v'
%Warning-COMBDLY: /home/gabcro/Code/Processor_CI/cores/riscv-pipeline-cpu/openriscv/openriscv.srcs/sources_1/imports/code/id.v:174:41: Non-blocking assignment '<=' in combinational logic process
                                                                                                                                     : ... This will be executed as a blocking assignment '='!
  174 |                             instvalid   <= 1'b0;       
      |                                         ^~
                  /home/gabcro/Code/Processor_CI/cores/riscv-pipeline-cpu/openriscv/openriscv.srcs/sources_1/imports/code/openriscv.v:124:1: ... note: In file included from 'openriscv.v'
%Warning-COMBDLY: /home/gabcro/Code/Processor_CI/cores/riscv-pipeline-cpu/openriscv/openriscv.srcs/sources_1/imports/code/id.v:176:43: Non-blocking assignment '<=' in combinational logic process
                                                                                                                                     : ... This will be executed as a blocking assignment '='!
  176 |                             branch_flag_o <= ~op1_greater_than_op2_singned;
      |                                           ^~
                  /home/gabcro/Code/Processor_CI/cores/riscv-pipeline-cpu/openriscv/openriscv.srcs/sources_1/imports/code/openriscv.v:124:1: ... note: In file included from 'openriscv.v'
%Warning-COMBDLY: /home/gabcro/Code/Processor_CI/cores/riscv-pipeline-cpu/openriscv/openriscv.srcs/sources_1/imports/code/id.v:177:43: Non-blocking assignment '<=' in combinational logic process
                                                                                                                                     : ... This will be executed as a blocking assignment '='!
  177 |                             branch_addr_o <= (type_b_imm + pc_i) & {32{~op1_greater_than_op2_singned}};  
      |                                           ^~
                  /home/gabcro/Code/Processor_CI/cores/riscv-pipeline-cpu/openriscv/openriscv.srcs/sources_1/imports/code/openriscv.v:124:1: ... note: In file included from 'openriscv.v'
%Warning-COMBDLY: /home/gabcro/Code/Processor_CI/cores/riscv-pipeline-cpu/openriscv/openriscv.srcs/sources_1/imports/code/id.v:207:41: Non-blocking assignment '<=' in combinational logic process
                                                                                                                                     : ... This will be executed as a blocking assignment '='!
  207 |                             wreg_o      <= 1'b0;    
      |                                         ^~
                  /home/gabcro/Code/Processor_CI/cores/riscv-pipeline-cpu/openriscv/openriscv.srcs/sources_1/imports/code/openriscv.v:124:1: ... note: In file included from 'openriscv.v'
%Warning-COMBDLY: /home/gabcro/Code/Processor_CI/cores/riscv-pipeline-cpu/openriscv/openriscv.srcs/sources_1/imports/code/id.v:208:41: Non-blocking assignment '<=' in combinational logic process
                                                                                                                                     : ... This will be executed as a blocking assignment '='!
  208 |                             reg1_read_o <= 1'b0;             
      |                                         ^~
                  /home/gabcro/Code/Processor_CI/cores/riscv-pipeline-cpu/openriscv/openriscv.srcs/sources_1/imports/code/openriscv.v:124:1: ... note: In file included from 'openriscv.v'
%Warning-COMBDLY: /home/gabcro/Code/Processor_CI/cores/riscv-pipeline-cpu/openriscv/openriscv.srcs/sources_1/imports/code/id.v:209:41: Non-blocking assignment '<=' in combinational logic process
                                                                                                                                     : ... This will be executed as a blocking assignment '='!
  209 |                             reg2_read_o <= 1'b0;             
      |                                         ^~
                  /home/gabcro/Code/Processor_CI/cores/riscv-pipeline-cpu/openriscv/openriscv.srcs/sources_1/imports/code/openriscv.v:124:1: ... note: In file included from 'openriscv.v'
%Warning-COMBDLY: /home/gabcro/Code/Processor_CI/cores/riscv-pipeline-cpu/openriscv/openriscv.srcs/sources_1/imports/code/id.v:210:41: Non-blocking assignment '<=' in combinational logic process
                                                                                                                                     : ... This will be executed as a blocking assignment '='!
  210 |                             instvalid   <= 1'b1;     
      |                                         ^~
                  /home/gabcro/Code/Processor_CI/cores/riscv-pipeline-cpu/openriscv/openriscv.srcs/sources_1/imports/code/openriscv.v:124:1: ... note: In file included from 'openriscv.v'
%Warning-COMBDLY: /home/gabcro/Code/Processor_CI/cores/riscv-pipeline-cpu/openriscv/openriscv.srcs/sources_1/imports/code/id.v:211:43: Non-blocking assignment '<=' in combinational logic process
                                                                                                                                     : ... This will be executed as a blocking assignment '='!
  211 |                             branch_flag_o <= 1'b0; 
      |                                           ^~
                  /home/gabcro/Code/Processor_CI/cores/riscv-pipeline-cpu/openriscv/openriscv.srcs/sources_1/imports/code/openriscv.v:124:1: ... note: In file included from 'openriscv.v'
%Warning-COMBDLY: /home/gabcro/Code/Processor_CI/cores/riscv-pipeline-cpu/openriscv/openriscv.srcs/sources_1/imports/code/id.v:162:41: Non-blocking assignment '<=' in combinational logic process
                                                                                                                                     : ... This will be executed as a blocking assignment '='!
  162 |                             wreg_o      <= 1'b0;    
      |                                         ^~
                  /home/gabcro/Code/Processor_CI/cores/riscv-pipeline-cpu/openriscv/openriscv.srcs/sources_1/imports/code/openriscv.v:124:1: ... note: In file included from 'openriscv.v'
%Warning-COMBDLY: /home/gabcro/Code/Processor_CI/cores/riscv-pipeline-cpu/openriscv/openriscv.srcs/sources_1/imports/code/id.v:163:41: Non-blocking assignment '<=' in combinational logic process
                                                                                                                                     : ... This will be executed as a blocking assignment '='!
  163 |                             reg1_read_o <= 1'b1;             
      |                                         ^~
                  /home/gabcro/Code/Processor_CI/cores/riscv-pipeline-cpu/openriscv/openriscv.srcs/sources_1/imports/code/openriscv.v:124:1: ... note: In file included from 'openriscv.v'
%Warning-COMBDLY: /home/gabcro/Code/Processor_CI/cores/riscv-pipeline-cpu/openriscv/openriscv.srcs/sources_1/imports/code/id.v:164:41: Non-blocking assignment '<=' in combinational logic process
                                                                                                                                     : ... This will be executed as a blocking assignment '='!
  164 |                             reg2_read_o <= 1'b1;             
      |                                         ^~
                  /home/gabcro/Code/Processor_CI/cores/riscv-pipeline-cpu/openriscv/openriscv.srcs/sources_1/imports/code/openriscv.v:124:1: ... note: In file included from 'openriscv.v'
%Warning-COMBDLY: /home/gabcro/Code/Processor_CI/cores/riscv-pipeline-cpu/openriscv/openriscv.srcs/sources_1/imports/code/id.v:165:41: Non-blocking assignment '<=' in combinational logic process
                                                                                                                                     : ... This will be executed as a blocking assignment '='!
  165 |                             instvalid   <= 1'b0;       
      |                                         ^~
                  /home/gabcro/Code/Processor_CI/cores/riscv-pipeline-cpu/openriscv/openriscv.srcs/sources_1/imports/code/openriscv.v:124:1: ... note: In file included from 'openriscv.v'
%Warning-COMBDLY: /home/gabcro/Code/Processor_CI/cores/riscv-pipeline-cpu/openriscv/openriscv.srcs/sources_1/imports/code/id.v:167:43: Non-blocking assignment '<=' in combinational logic process
                                                                                                                                     : ... This will be executed as a blocking assignment '='!
  167 |                             branch_flag_o <= ~op1_equal_to_op2;
      |                                           ^~
                  /home/gabcro/Code/Processor_CI/cores/riscv-pipeline-cpu/openriscv/openriscv.srcs/sources_1/imports/code/openriscv.v:124:1: ... note: In file included from 'openriscv.v'
%Warning-COMBDLY: /home/gabcro/Code/Processor_CI/cores/riscv-pipeline-cpu/openriscv/openriscv.srcs/sources_1/imports/code/id.v:168:43: Non-blocking assignment '<=' in combinational logic process
                                                                                                                                     : ... This will be executed as a blocking assignment '='!
  168 |                             branch_addr_o <= (type_b_imm + pc_i) & {32{~op1_equal_to_op2}};  
      |                                           ^~
                  /home/gabcro/Code/Processor_CI/cores/riscv-pipeline-cpu/openriscv/openriscv.srcs/sources_1/imports/code/openriscv.v:124:1: ... note: In file included from 'openriscv.v'
%Warning-COMBDLY: /home/gabcro/Code/Processor_CI/cores/riscv-pipeline-cpu/openriscv/openriscv.srcs/sources_1/imports/code/id.v:153:41: Non-blocking assignment '<=' in combinational logic process
                                                                                                                                     : ... This will be executed as a blocking assignment '='!
  153 |                             wreg_o      <= 1'b0;    
      |                                         ^~
                  /home/gabcro/Code/Processor_CI/cores/riscv-pipeline-cpu/openriscv/openriscv.srcs/sources_1/imports/code/openriscv.v:124:1: ... note: In file included from 'openriscv.v'
%Warning-COMBDLY: /home/gabcro/Code/Processor_CI/cores/riscv-pipeline-cpu/openriscv/openriscv.srcs/sources_1/imports/code/id.v:154:41: Non-blocking assignment '<=' in combinational logic process
                                                                                                                                     : ... This will be executed as a blocking assignment '='!
  154 |                             reg1_read_o <= 1'b1;             
      |                                         ^~
                  /home/gabcro/Code/Processor_CI/cores/riscv-pipeline-cpu/openriscv/openriscv.srcs/sources_1/imports/code/openriscv.v:124:1: ... note: In file included from 'openriscv.v'
%Warning-COMBDLY: /home/gabcro/Code/Processor_CI/cores/riscv-pipeline-cpu/openriscv/openriscv.srcs/sources_1/imports/code/id.v:155:41: Non-blocking assignment '<=' in combinational logic process
                                                                                                                                     : ... This will be executed as a blocking assignment '='!
  155 |                             reg2_read_o <= 1'b1;             
      |                                         ^~
                  /home/gabcro/Code/Processor_CI/cores/riscv-pipeline-cpu/openriscv/openriscv.srcs/sources_1/imports/code/openriscv.v:124:1: ... note: In file included from 'openriscv.v'
%Warning-COMBDLY: /home/gabcro/Code/Processor_CI/cores/riscv-pipeline-cpu/openriscv/openriscv.srcs/sources_1/imports/code/id.v:156:41: Non-blocking assignment '<=' in combinational logic process
                                                                                                                                     : ... This will be executed as a blocking assignment '='!
  156 |                             instvalid   <= 1'b0;       
      |                                         ^~
                  /home/gabcro/Code/Processor_CI/cores/riscv-pipeline-cpu/openriscv/openriscv.srcs/sources_1/imports/code/openriscv.v:124:1: ... note: In file included from 'openriscv.v'
%Warning-COMBDLY: /home/gabcro/Code/Processor_CI/cores/riscv-pipeline-cpu/openriscv/openriscv.srcs/sources_1/imports/code/id.v:158:43: Non-blocking assignment '<=' in combinational logic process
                                                                                                                                     : ... This will be executed as a blocking assignment '='!
  158 |                             branch_flag_o <= op1_equal_to_op2;
      |                                           ^~
                  /home/gabcro/Code/Processor_CI/cores/riscv-pipeline-cpu/openriscv/openriscv.srcs/sources_1/imports/code/openriscv.v:124:1: ... note: In file included from 'openriscv.v'
%Warning-COMBDLY: /home/gabcro/Code/Processor_CI/cores/riscv-pipeline-cpu/openriscv/openriscv.srcs/sources_1/imports/code/id.v:159:43: Non-blocking assignment '<=' in combinational logic process
                                                                                                                                     : ... This will be executed as a blocking assignment '='!
  159 |                             branch_addr_o <= (type_b_imm + pc_i) & {32{op1_equal_to_op2}};  
      |                                           ^~
                  /home/gabcro/Code/Processor_CI/cores/riscv-pipeline-cpu/openriscv/openriscv.srcs/sources_1/imports/code/openriscv.v:124:1: ... note: In file included from 'openriscv.v'
%Warning-COMBDLY: /home/gabcro/Code/Processor_CI/cores/riscv-pipeline-cpu/openriscv/openriscv.srcs/sources_1/imports/code/id.v:135:41: Non-blocking assignment '<=' in combinational logic process
                                                                                                                                     : ... This will be executed as a blocking assignment '='!
  135 |                             wreg_o      <= 1'b1;     
      |                                         ^~
                  /home/gabcro/Code/Processor_CI/cores/riscv-pipeline-cpu/openriscv/openriscv.srcs/sources_1/imports/code/openriscv.v:124:1: ... note: In file included from 'openriscv.v'
%Warning-COMBDLY: /home/gabcro/Code/Processor_CI/cores/riscv-pipeline-cpu/openriscv/openriscv.srcs/sources_1/imports/code/id.v:136:41: Non-blocking assignment '<=' in combinational logic process
                                                                                                                                     : ... This will be executed as a blocking assignment '='!
  136 |                             reg1_read_o <= 1'b1;             
      |                                         ^~
                  /home/gabcro/Code/Processor_CI/cores/riscv-pipeline-cpu/openriscv/openriscv.srcs/sources_1/imports/code/openriscv.v:124:1: ... note: In file included from 'openriscv.v'
%Warning-COMBDLY: /home/gabcro/Code/Processor_CI/cores/riscv-pipeline-cpu/openriscv/openriscv.srcs/sources_1/imports/code/id.v:137:41: Non-blocking assignment '<=' in combinational logic process
                                                                                                                                     : ... This will be executed as a blocking assignment '='!
  137 |                             reg2_read_o <= 1'b1;             
      |                                         ^~
                  /home/gabcro/Code/Processor_CI/cores/riscv-pipeline-cpu/openriscv/openriscv.srcs/sources_1/imports/code/openriscv.v:124:1: ... note: In file included from 'openriscv.v'
%Warning-COMBDLY: /home/gabcro/Code/Processor_CI/cores/riscv-pipeline-cpu/openriscv/openriscv.srcs/sources_1/imports/code/id.v:138:41: Non-blocking assignment '<=' in combinational logic process
                                                                                                                                     : ... This will be executed as a blocking assignment '='!
  138 |                             instvalid   <= 1'b0;       
      |                                         ^~
                  /home/gabcro/Code/Processor_CI/cores/riscv-pipeline-cpu/openriscv/openriscv.srcs/sources_1/imports/code/openriscv.v:124:1: ... note: In file included from 'openriscv.v'
%Warning-COMBDLY: /home/gabcro/Code/Processor_CI/cores/riscv-pipeline-cpu/openriscv/openriscv.srcs/sources_1/imports/code/id.v:139:41: Non-blocking assignment '<=' in combinational logic process
                                                                                                                                     : ... This will be executed as a blocking assignment '='!
  139 |                             wd_o        <= rd;               
      |                                         ^~
                  /home/gabcro/Code/Processor_CI/cores/riscv-pipeline-cpu/openriscv/openriscv.srcs/sources_1/imports/code/openriscv.v:124:1: ... note: In file included from 'openriscv.v'
%Warning-COMBDLY: /home/gabcro/Code/Processor_CI/cores/riscv-pipeline-cpu/openriscv/openriscv.srcs/sources_1/imports/code/id.v:235:21: Non-blocking assignment '<=' in combinational logic process
                                                                                                                                     : ... This will be executed as a blocking assignment '='!
  235 |                     case(funct3)
      |                     ^~~~
                  /home/gabcro/Code/Processor_CI/cores/riscv-pipeline-cpu/openriscv/openriscv.srcs/sources_1/imports/code/openriscv.v:124:1: ... note: In file included from 'openriscv.v'
%Warning-COMBDLY: /home/gabcro/Code/Processor_CI/cores/riscv-pipeline-cpu/openriscv/openriscv.srcs/sources_1/imports/code/id.v:115:41: Non-blocking assignment '<=' in combinational logic process
                                                                                                                                     : ... This will be executed as a blocking assignment '='!
  115 |                             wreg_o      <= 1'b1;     
      |                                         ^~
                  /home/gabcro/Code/Processor_CI/cores/riscv-pipeline-cpu/openriscv/openriscv.srcs/sources_1/imports/code/openriscv.v:124:1: ... note: In file included from 'openriscv.v'
%Warning-COMBDLY: /home/gabcro/Code/Processor_CI/cores/riscv-pipeline-cpu/openriscv/openriscv.srcs/sources_1/imports/code/id.v:116:41: Non-blocking assignment '<=' in combinational logic process
                                                                                                                                     : ... This will be executed as a blocking assignment '='!
  116 |                             reg1_read_o <= 1'b1;             
      |                                         ^~
                  /home/gabcro/Code/Processor_CI/cores/riscv-pipeline-cpu/openriscv/openriscv.srcs/sources_1/imports/code/openriscv.v:124:1: ... note: In file included from 'openriscv.v'
%Warning-COMBDLY: /home/gabcro/Code/Processor_CI/cores/riscv-pipeline-cpu/openriscv/openriscv.srcs/sources_1/imports/code/id.v:117:41: Non-blocking assignment '<=' in combinational logic process
                                                                                                                                     : ... This will be executed as a blocking assignment '='!
  117 |                             reg2_read_o <= 1'b0;             
      |                                         ^~
                  /home/gabcro/Code/Processor_CI/cores/riscv-pipeline-cpu/openriscv/openriscv.srcs/sources_1/imports/code/openriscv.v:124:1: ... note: In file included from 'openriscv.v'
%Warning-COMBDLY: /home/gabcro/Code/Processor_CI/cores/riscv-pipeline-cpu/openriscv/openriscv.srcs/sources_1/imports/code/id.v:118:41: Non-blocking assignment '<=' in combinational logic process
                                                                                                                                     : ... This will be executed as a blocking assignment '='!
  118 |                             instvalid   <= 1'b0;       
      |                                         ^~
                  /home/gabcro/Code/Processor_CI/cores/riscv-pipeline-cpu/openriscv/openriscv.srcs/sources_1/imports/code/openriscv.v:124:1: ... note: In file included from 'openriscv.v'
%Warning-COMBDLY: /home/gabcro/Code/Processor_CI/cores/riscv-pipeline-cpu/openriscv/openriscv.srcs/sources_1/imports/code/id.v:119:41: Non-blocking assignment '<=' in combinational logic process
                                                                                                                                     : ... This will be executed as a blocking assignment '='!
  119 |                             imm         <= {16'h0, inst_i[31:20]};   
      |                                         ^~
                  /home/gabcro/Code/Processor_CI/cores/riscv-pipeline-cpu/openriscv/openriscv.srcs/sources_1/imports/code/openriscv.v:124:1: ... note: In file included from 'openriscv.v'
%Warning-COMBDLY: /home/gabcro/Code/Processor_CI/cores/riscv-pipeline-cpu/openriscv/openriscv.srcs/sources_1/imports/code/id.v:120:41: Non-blocking assignment '<=' in combinational logic process
                                                                                                                                     : ... This will be executed as a blocking assignment '='!
  120 |                             wd_o        <= rd;               
      |                                         ^~
                  /home/gabcro/Code/Processor_CI/cores/riscv-pipeline-cpu/openriscv/openriscv.srcs/sources_1/imports/code/openriscv.v:124:1: ... note: In file included from 'openriscv.v'
%Warning-COMBDLY: /home/gabcro/Code/Processor_CI/cores/riscv-pipeline-cpu/openriscv/openriscv.srcs/sources_1/imports/code/id.v:226:41: Non-blocking assignment '<=' in combinational logic process
                                                                                                                                     : ... This will be executed as a blocking assignment '='!
  226 |                             wreg_o      <= 1'b0;    
      |                                         ^~
                  /home/gabcro/Code/Processor_CI/cores/riscv-pipeline-cpu/openriscv/openriscv.srcs/sources_1/imports/code/openriscv.v:124:1: ... note: In file included from 'openriscv.v'
%Warning-COMBDLY: /home/gabcro/Code/Processor_CI/cores/riscv-pipeline-cpu/openriscv/openriscv.srcs/sources_1/imports/code/id.v:227:41: Non-blocking assignment '<=' in combinational logic process
                                                                                                                                     : ... This will be executed as a blocking assignment '='!
  227 |                             reg1_read_o <= 1'b0;             
      |                                         ^~
                  /home/gabcro/Code/Processor_CI/cores/riscv-pipeline-cpu/openriscv/openriscv.srcs/sources_1/imports/code/openriscv.v:124:1: ... note: In file included from 'openriscv.v'
%Warning-COMBDLY: /home/gabcro/Code/Processor_CI/cores/riscv-pipeline-cpu/openriscv/openriscv.srcs/sources_1/imports/code/id.v:228:41: Non-blocking assignment '<=' in combinational logic process
                                                                                                                                     : ... This will be executed as a blocking assignment '='!
  228 |                             reg2_read_o <= 1'b0;             
      |                                         ^~
                  /home/gabcro/Code/Processor_CI/cores/riscv-pipeline-cpu/openriscv/openriscv.srcs/sources_1/imports/code/openriscv.v:124:1: ... note: In file included from 'openriscv.v'
%Warning-COMBDLY: /home/gabcro/Code/Processor_CI/cores/riscv-pipeline-cpu/openriscv/openriscv.srcs/sources_1/imports/code/id.v:229:41: Non-blocking assignment '<=' in combinational logic process
                                                                                                                                     : ... This will be executed as a blocking assignment '='!
  229 |                             instvalid   <= 1'b1;     
      |                                         ^~
                  /home/gabcro/Code/Processor_CI/cores/riscv-pipeline-cpu/openriscv/openriscv.srcs/sources_1/imports/code/openriscv.v:124:1: ... note: In file included from 'openriscv.v'
%Warning-COMBDLY: /home/gabcro/Code/Processor_CI/cores/riscv-pipeline-cpu/openriscv/openriscv.srcs/sources_1/imports/code/id.v:230:41: Non-blocking assignment '<=' in combinational logic process
                                                                                                                                     : ... This will be executed as a blocking assignment '='!
  230 |                             wd_o        <= 5'b00000;      
      |                                         ^~
                  /home/gabcro/Code/Processor_CI/cores/riscv-pipeline-cpu/openriscv/openriscv.srcs/sources_1/imports/code/openriscv.v:124:1: ... note: In file included from 'openriscv.v'
%Warning-COMBDLY: /home/gabcro/Code/Processor_CI/cores/riscv-pipeline-cpu/openriscv/openriscv.srcs/sources_1/imports/code/id.v:218:41: Non-blocking assignment '<=' in combinational logic process
                                                                                                                                     : ... This will be executed as a blocking assignment '='!
  218 |                             wreg_o      <= 1'b1;     
      |                                         ^~
                  /home/gabcro/Code/Processor_CI/cores/riscv-pipeline-cpu/openriscv/openriscv.srcs/sources_1/imports/code/openriscv.v:124:1: ... note: In file included from 'openriscv.v'
%Warning-COMBDLY: /home/gabcro/Code/Processor_CI/cores/riscv-pipeline-cpu/openriscv/openriscv.srcs/sources_1/imports/code/id.v:219:41: Non-blocking assignment '<=' in combinational logic process
                                                                                                                                     : ... This will be executed as a blocking assignment '='!
  219 |                             reg1_read_o <= 1'b1;             
      |                                         ^~
                  /home/gabcro/Code/Processor_CI/cores/riscv-pipeline-cpu/openriscv/openriscv.srcs/sources_1/imports/code/openriscv.v:124:1: ... note: In file included from 'openriscv.v'
%Warning-COMBDLY: /home/gabcro/Code/Processor_CI/cores/riscv-pipeline-cpu/openriscv/openriscv.srcs/sources_1/imports/code/id.v:220:41: Non-blocking assignment '<=' in combinational logic process
                                                                                                                                     : ... This will be executed as a blocking assignment '='!
  220 |                             reg2_read_o <= 1'b0;             
      |                                         ^~
                  /home/gabcro/Code/Processor_CI/cores/riscv-pipeline-cpu/openriscv/openriscv.srcs/sources_1/imports/code/openriscv.v:124:1: ... note: In file included from 'openriscv.v'
%Warning-COMBDLY: /home/gabcro/Code/Processor_CI/cores/riscv-pipeline-cpu/openriscv/openriscv.srcs/sources_1/imports/code/id.v:221:41: Non-blocking assignment '<=' in combinational logic process
                                                                                                                                     : ... This will be executed as a blocking assignment '='!
  221 |                             instvalid   <= 1'b0;       
      |                                         ^~
                  /home/gabcro/Code/Processor_CI/cores/riscv-pipeline-cpu/openriscv/openriscv.srcs/sources_1/imports/code/openriscv.v:124:1: ... note: In file included from 'openriscv.v'
%Warning-COMBDLY: /home/gabcro/Code/Processor_CI/cores/riscv-pipeline-cpu/openriscv/openriscv.srcs/sources_1/imports/code/id.v:222:41: Non-blocking assignment '<=' in combinational logic process
                                                                                                                                     : ... This will be executed as a blocking assignment '='!
  222 |                             imm         <= {16'h0, inst_i[31:20]};  
      |                                         ^~
                  /home/gabcro/Code/Processor_CI/cores/riscv-pipeline-cpu/openriscv/openriscv.srcs/sources_1/imports/code/openriscv.v:124:1: ... note: In file included from 'openriscv.v'
%Warning-COMBDLY: /home/gabcro/Code/Processor_CI/cores/riscv-pipeline-cpu/openriscv/openriscv.srcs/sources_1/imports/code/id.v:223:41: Non-blocking assignment '<=' in combinational logic process
                                                                                                                                     : ... This will be executed as a blocking assignment '='!
  223 |                             wd_o        <= rd;               
      |                                         ^~
                  /home/gabcro/Code/Processor_CI/cores/riscv-pipeline-cpu/openriscv/openriscv.srcs/sources_1/imports/code/openriscv.v:124:1: ... note: In file included from 'openriscv.v'
%Warning-COMBDLY: /home/gabcro/Code/Processor_CI/cores/riscv-pipeline-cpu/openriscv/openriscv.srcs/sources_1/imports/code/id.v:279:33: Non-blocking assignment '<=' in combinational logic process
                                                                                                                                     : ... This will be executed as a blocking assignment '='!
  279 |                     wreg_o      <= 1'b0;    
      |                                 ^~
                  /home/gabcro/Code/Processor_CI/cores/riscv-pipeline-cpu/openriscv/openriscv.srcs/sources_1/imports/code/openriscv.v:124:1: ... note: In file included from 'openriscv.v'
%Warning-COMBDLY: /home/gabcro/Code/Processor_CI/cores/riscv-pipeline-cpu/openriscv/openriscv.srcs/sources_1/imports/code/id.v:280:33: Non-blocking assignment '<=' in combinational logic process
                                                                                                                                     : ... This will be executed as a blocking assignment '='!
  280 |                     reg1_read_o <= 1'b0;             
      |                                 ^~
                  /home/gabcro/Code/Processor_CI/cores/riscv-pipeline-cpu/openriscv/openriscv.srcs/sources_1/imports/code/openriscv.v:124:1: ... note: In file included from 'openriscv.v'
%Warning-COMBDLY: /home/gabcro/Code/Processor_CI/cores/riscv-pipeline-cpu/openriscv/openriscv.srcs/sources_1/imports/code/id.v:281:33: Non-blocking assignment '<=' in combinational logic process
                                                                                                                                     : ... This will be executed as a blocking assignment '='!
  281 |                     reg2_read_o <= 1'b0;             
      |                                 ^~
                  /home/gabcro/Code/Processor_CI/cores/riscv-pipeline-cpu/openriscv/openriscv.srcs/sources_1/imports/code/openriscv.v:124:1: ... note: In file included from 'openriscv.v'
%Warning-COMBDLY: /home/gabcro/Code/Processor_CI/cores/riscv-pipeline-cpu/openriscv/openriscv.srcs/sources_1/imports/code/id.v:282:33: Non-blocking assignment '<=' in combinational logic process
                                                                                                                                     : ... This will be executed as a blocking assignment '='!
  282 |                     instvalid   <= 1'b0;       
      |                                 ^~
                  /home/gabcro/Code/Processor_CI/cores/riscv-pipeline-cpu/openriscv/openriscv.srcs/sources_1/imports/code/openriscv.v:124:1: ... note: In file included from 'openriscv.v'
%Warning-COMBDLY: /home/gabcro/Code/Processor_CI/cores/riscv-pipeline-cpu/openriscv/openriscv.srcs/sources_1/imports/code/id.v:283:33: Non-blocking assignment '<=' in combinational logic process
                                                                                                                                     : ... This will be executed as a blocking assignment '='!
  283 |                     wd_o        <= 5'b00000;      
      |                                 ^~
                  /home/gabcro/Code/Processor_CI/cores/riscv-pipeline-cpu/openriscv/openriscv.srcs/sources_1/imports/code/openriscv.v:124:1: ... note: In file included from 'openriscv.v'
%Warning-COMBDLY: /home/gabcro/Code/Processor_CI/cores/riscv-pipeline-cpu/openriscv/openriscv.srcs/sources_1/imports/code/id.v:294:38: Non-blocking assignment '<=' in combinational logic process
                                                                                                                                     : ... This will be executed as a blocking assignment '='!
  294 |         stallreq_for_reg1_loadrelate <= 1'b0;
      |                                      ^~
                  /home/gabcro/Code/Processor_CI/cores/riscv-pipeline-cpu/openriscv/openriscv.srcs/sources_1/imports/code/openriscv.v:124:1: ... note: In file included from 'openriscv.v'
%Warning-COMBDLY: /home/gabcro/Code/Processor_CI/cores/riscv-pipeline-cpu/openriscv/openriscv.srcs/sources_1/imports/code/id.v:296:20: Non-blocking assignment '<=' in combinational logic process
                                                                                                                                     : ... This will be executed as a blocking assignment '='!
  296 |             reg1_o <= 32'b0;
      |                    ^~
                  /home/gabcro/Code/Processor_CI/cores/riscv-pipeline-cpu/openriscv/openriscv.srcs/sources_1/imports/code/openriscv.v:124:1: ... note: In file included from 'openriscv.v'
%Warning-COMBDLY: /home/gabcro/Code/Processor_CI/cores/riscv-pipeline-cpu/openriscv/openriscv.srcs/sources_1/imports/code/id.v:299:42: Non-blocking assignment '<=' in combinational logic process
                                                                                                                                     : ... This will be executed as a blocking assignment '='!
  299 |             stallreq_for_reg1_loadrelate <= 1'b1;
      |                                          ^~
                  /home/gabcro/Code/Processor_CI/cores/riscv-pipeline-cpu/openriscv/openriscv.srcs/sources_1/imports/code/openriscv.v:124:1: ... note: In file included from 'openriscv.v'
%Warning-COMBDLY: /home/gabcro/Code/Processor_CI/cores/riscv-pipeline-cpu/openriscv/openriscv.srcs/sources_1/imports/code/id.v:303:20: Non-blocking assignment '<=' in combinational logic process
                                                                                                                                     : ... This will be executed as a blocking assignment '='!
  303 |             reg1_o <= ex_wdata_i;        
      |                    ^~
                  /home/gabcro/Code/Processor_CI/cores/riscv-pipeline-cpu/openriscv/openriscv.srcs/sources_1/imports/code/openriscv.v:124:1: ... note: In file included from 'openriscv.v'
%Warning-COMBDLY: /home/gabcro/Code/Processor_CI/cores/riscv-pipeline-cpu/openriscv/openriscv.srcs/sources_1/imports/code/id.v:319:38: Non-blocking assignment '<=' in combinational logic process
                                                                                                                                     : ... This will be executed as a blocking assignment '='!
  319 |         stallreq_for_reg2_loadrelate <= 1'b0;
      |                                      ^~
                  /home/gabcro/Code/Processor_CI/cores/riscv-pipeline-cpu/openriscv/openriscv.srcs/sources_1/imports/code/openriscv.v:124:1: ... note: In file included from 'openriscv.v'
%Warning-COMBDLY: /home/gabcro/Code/Processor_CI/cores/riscv-pipeline-cpu/openriscv/openriscv.srcs/sources_1/imports/code/id.v:321:20: Non-blocking assignment '<=' in combinational logic process
                                                                                                                                     : ... This will be executed as a blocking assignment '='!
  321 |             reg2_o <= 32'b0;
      |                    ^~
                  /home/gabcro/Code/Processor_CI/cores/riscv-pipeline-cpu/openriscv/openriscv.srcs/sources_1/imports/code/openriscv.v:124:1: ... note: In file included from 'openriscv.v'
%Warning-COMBDLY: /home/gabcro/Code/Processor_CI/cores/riscv-pipeline-cpu/openriscv/openriscv.srcs/sources_1/imports/code/id.v:324:42: Non-blocking assignment '<=' in combinational logic process
                                                                                                                                     : ... This will be executed as a blocking assignment '='!
  324 |             stallreq_for_reg2_loadrelate <= 1'b1;
      |                                          ^~
                  /home/gabcro/Code/Processor_CI/cores/riscv-pipeline-cpu/openriscv/openriscv.srcs/sources_1/imports/code/openriscv.v:124:1: ... note: In file included from 'openriscv.v'
%Warning-COMBDLY: /home/gabcro/Code/Processor_CI/cores/riscv-pipeline-cpu/openriscv/openriscv.srcs/sources_1/imports/code/id.v:328:20: Non-blocking assignment '<=' in combinational logic process
                                                                                                                                     : ... This will be executed as a blocking assignment '='!
  328 |             reg2_o <= ex_wdata_i;        
      |                    ^~
                  /home/gabcro/Code/Processor_CI/cores/riscv-pipeline-cpu/openriscv/openriscv.srcs/sources_1/imports/code/openriscv.v:124:1: ... note: In file included from 'openriscv.v'
%Warning-UNOPTFLAT: /home/gabcro/Code/Processor_CI/cores/riscv-pipeline-cpu/openriscv/openriscv.srcs/sources_1/new/display_buffer.v:15:18: Signal unoptimizable: Circular combinational logic: 'processorci_top.Processor.display_buffer0.last_reg1'
   15 |     reg[31:0]    last_reg1 = 0;
      |                  ^~~~~~~~~
                    ... For warning description see https://verilator.org/warn/UNOPTFLAT?v=5.050
                    ... Use "/* verilator lint_off UNOPTFLAT */" and lint_on around source to disable this message.
                    /home/gabcro/Code/Processor_CI/cores/riscv-pipeline-cpu/openriscv/openriscv.srcs/sources_1/new/display_buffer.v:15:18:      Example path: processorci_top.Processor.display_buffer0.last_reg1
                    /home/gabcro/Code/Processor_CI/cores/riscv-pipeline-cpu/openriscv/openriscv.srcs/sources_1/new/display_buffer.v:20:5:      Example path: ALWAYS
                    /home/gabcro/Code/Processor_CI/cores/riscv-pipeline-cpu/openriscv/openriscv.srcs/sources_1/new/display_buffer.v:15:18:      Example path: processorci_top.Processor.display_buffer0.last_reg1
- V e r i l a t i o n   R e p o r t: Verilator 5.050 2026-07-01 rev v5.050
- Verilator: Built from 0.345 MB sources in 17 modules, into 0.467 MB in 9 C++ files needing 0.000 MB
- Verilator: Walltime 0.078 s (elab=0.009, cvt=0.032, bld=0.000); cpu 0.070 s on 1 threads; allocated 22.633 MB
make -C sim_build/riscv-pipeline-cpu  -f Vtop.mk
make[2]: Entering directory '/home/gabcro/Code/Processor_CI/processor_ci_inspector/sim_build/riscv-pipeline-cpu'
g++  -I.  -MMD -I/usr/share/verilator/include -I/usr/share/verilator/include/vltstd -DVERILATOR=1 -DVM_COVERAGE=0 -DVM_SC=0 -DVM_TIMING=0 -DVM_TRACE=1 -DVM_TRACE_FST=0 -DVM_TRACE_VCD=1 -DVM_TRACE_SAIF=0 -DVM_VPI=1 -faligned-new -fcf-protection=none -Wno-bool-operation -Wno-int-in-bool-context -Wno-shadow -Wno-sign-compare -Wno-subobject-linkage -Wno-tautological-compare -Wno-uninitialized -Wno-unused-but-set-parameter -Wno-unused-but-set-variable -Wno-unused-parameter -Wno-unused-variable      -Os  -c -o verilator.o /home/gabcro/Code/Processor_CI/processor_ci_inspector/env/lib/python3.13/site-packages/cocotb/share/lib/verilator/verilator.cpp
g++ -Os  -I.  -MMD -I/usr/share/verilator/include -I/usr/share/verilator/include/vltstd -DVERILATOR=1 -DVM_COVERAGE=0 -DVM_SC=0 -DVM_TIMING=0 -DVM_TRACE=1 -DVM_TRACE_FST=0 -DVM_TRACE_VCD=1 -DVM_TRACE_SAIF=0 -DVM_VPI=1 -faligned-new -fcf-protection=none -Wno-bool-operation -Wno-int-in-bool-context -Wno-shadow -Wno-sign-compare -Wno-subobject-linkage -Wno-tautological-compare -Wno-uninitialized -Wno-unused-but-set-parameter -Wno-unused-but-set-variable -Wno-unused-parameter -Wno-unused-variable      -c -o verilated.o /usr/share/verilator/include/verilated.cpp
g++ -Os  -I.  -MMD -I/usr/share/verilator/include -I/usr/share/verilator/include/vltstd -DVERILATOR=1 -DVM_COVERAGE=0 -DVM_SC=0 -DVM_TIMING=0 -DVM_TRACE=1 -DVM_TRACE_FST=0 -DVM_TRACE_VCD=1 -DVM_TRACE_SAIF=0 -DVM_VPI=1 -faligned-new -fcf-protection=none -Wno-bool-operation -Wno-int-in-bool-context -Wno-shadow -Wno-sign-compare -Wno-subobject-linkage -Wno-tautological-compare -Wno-uninitialized -Wno-unused-but-set-parameter -Wno-unused-but-set-variable -Wno-unused-parameter -Wno-unused-variable      -c -o verilated_dpi.o /usr/share/verilator/include/verilated_dpi.cpp
g++ -Os  -I.  -MMD -I/usr/share/verilator/include -I/usr/share/verilator/include/vltstd -DVERILATOR=1 -DVM_COVERAGE=0 -DVM_SC=0 -DVM_TIMING=0 -DVM_TRACE=1 -DVM_TRACE_FST=0 -DVM_TRACE_VCD=1 -DVM_TRACE_SAIF=0 -DVM_VPI=1 -faligned-new -fcf-protection=none -Wno-bool-operation -Wno-int-in-bool-context -Wno-shadow -Wno-sign-compare -Wno-subobject-linkage -Wno-tautological-compare -Wno-uninitialized -Wno-unused-but-set-parameter -Wno-unused-but-set-variable -Wno-unused-parameter -Wno-unused-variable      -c -o verilated_vpi.o /usr/share/verilator/include/verilated_vpi.cpp
g++ -Os  -I.  -MMD -I/usr/share/verilator/include -I/usr/share/verilator/include/vltstd -DVERILATOR=1 -DVM_COVERAGE=0 -DVM_SC=0 -DVM_TIMING=0 -DVM_TRACE=1 -DVM_TRACE_FST=0 -DVM_TRACE_VCD=1 -DVM_TRACE_SAIF=0 -DVM_VPI=1 -faligned-new -fcf-protection=none -Wno-bool-operation -Wno-int-in-bool-context -Wno-shadow -Wno-sign-compare -Wno-subobject-linkage -Wno-tautological-compare -Wno-uninitialized -Wno-unused-but-set-parameter -Wno-unused-but-set-variable -Wno-unused-parameter -Wno-unused-variable      -c -o verilated_vcd_c.o /usr/share/verilator/include/verilated_vcd_c.cpp
g++ -Os  -I.  -MMD -I/usr/share/verilator/include -I/usr/share/verilator/include/vltstd -DVERILATOR=1 -DVM_COVERAGE=0 -DVM_SC=0 -DVM_TIMING=0 -DVM_TRACE=1 -DVM_TRACE_FST=0 -DVM_TRACE_VCD=1 -DVM_TRACE_SAIF=0 -DVM_VPI=1 -faligned-new -fcf-protection=none -Wno-bool-operation -Wno-int-in-bool-context -Wno-shadow -Wno-sign-compare -Wno-subobject-linkage -Wno-tautological-compare -Wno-uninitialized -Wno-unused-but-set-parameter -Wno-unused-but-set-variable -Wno-unused-parameter -Wno-unused-variable      -c -o verilated_threads.o /usr/share/verilator/include/verilated_threads.cpp
python3 /usr/share/verilator/bin/verilator_includer -DVL_INCLUDE_OPT=include Vtop.cpp Vtop___024root__0.cpp Vtop__Dpi.cpp Vtop__Trace__0.cpp Vtop___024root__Slow.cpp Vtop___024root__0__Slow.cpp Vtop__Syms__Slow.cpp Vtop__Trace__0__Slow.cpp Vtop__TraceDecls__0__Slow.cpp > Vtop__ALL.cpp
g++ -Os  -I.  -MMD -I/usr/share/verilator/include -I/usr/share/verilator/include/vltstd -DVERILATOR=1 -DVM_COVERAGE=0 -DVM_SC=0 -DVM_TIMING=0 -DVM_TRACE=1 -DVM_TRACE_FST=0 -DVM_TRACE_VCD=1 -DVM_TRACE_SAIF=0 -DVM_VPI=1 -faligned-new -fcf-protection=none -Wno-bool-operation -Wno-int-in-bool-context -Wno-shadow -Wno-sign-compare -Wno-subobject-linkage -Wno-tautological-compare -Wno-uninitialized -Wno-unused-but-set-parameter -Wno-unused-but-set-variable -Wno-unused-parameter -Wno-unused-variable      -c -o Vtop__ALL.o Vtop__ALL.cpp
g++    -rdynamic verilator.o verilated.o verilated_dpi.o verilated_vpi.o verilated_vcd_c.o verilated_threads.o Vtop__ALL.a   -Wl,-rpath,/home/gabcro/Code/Processor_CI/processor_ci_inspector/env/lib/python3.13/site-packages/cocotb/libs -L/home/gabcro/Code/Processor_CI/processor_ci_inspector/env/lib/python3.13/site-packages/cocotb/libs -lcocotbvpi_verilator  -pthread -lpthread -latomic -ldl   -o Vtop
rm Vtop__ALL.verilator_deplist.tmp
make[2]: Leaving directory '/home/gabcro/Code/Processor_CI/processor_ci_inspector/sim_build/riscv-pipeline-cpu'
/home/gabcro/Code/Processor_CI/processor_ci_inspector/env/lib/python3.13/site-packages/cocotb_tools/makefiles/simulators/Makefile.verilator:69: Using MODULE is deprecated, please use COCOTB_TEST_MODULES instead.
rm -f results.xml
COCOTB_TEST_MODULES=cocotb_labeler COCOTB_TESTCASE= COCOTB_TEST_FILTER= COCOTB_TOPLEVEL=processorci_top TOPLEVEL_LANG=verilog \
         sim_build/riscv-pipeline-cpu/Vtop     
     -.--ns INFO     gpi                                ..mbed/gpi_embed.cpp:93   in _embed_init_python              Using Python 3.13.0rc1 interpreter at /home/gabcro/Code/Processor_CI/processor_ci_inspector/env/bin/python
     -.--ns INFO     gpi                                ../gpi/GpiCommon.cpp:79   in gpi_print_registered_impl       VPI registered
     0.00ns INFO     cocotb                             Running on Verilator version 5.050 2026-07-01
     0.00ns INFO     cocotb                             Seeding Python random module with 1785389325
     0.00ns INFO     cocotb                             Initialized cocotb v2.0.1 from /home/gabcro/Code/Processor_CI/processor_ci_inspector/env/lib/python3.13/site-packages/cocotb
     0.00ns INFO     cocotb.regression                  pytest not found, install it to enable better AssertionError messages
     0.00ns INFO     cocotb                             Running tests
     0.00ns INFO     cocotb.regression                  running cocotb_labeler.processor_test (1/1)
                                                            Test function for the processor.

            ####################################################
            #Looking for the register file - regfile_finder.py #
            ####################################################
          
     0.00ns INFO     cocotb.processorci_top             Static register-file checkpoint: processorci_top.Processor.regfile1.regs kind=array_of_words depth=32 word_width=32 score=111
   710.00ns INFO     cocotb.processorci_top             - Static Register File Array Candidates Found:
   710.00ns INFO     cocotb.processorci_top               1: processorci_top.Processor.regfile1.regs kind=array_of_words depth=32 word_width=32 score=111 visibility=visible
   710.00ns INFO     cocotb.processorci_top                  reasons: unpacked/indexable array, 32 entries, XLEN-sized words (32), name hint(s): regfile, regs
   710.00ns INFO     cocotb.processorci_top                  visibility: path resolvable: processorci_top.Processor.regfile1.regs, index 0: value readable, index 1: value readable, index 2: value readable, index 3: value readable
   710.00ns INFO     cocotb.processorci_top             
   710.00ns INFO     cocotb.processorci_top             Visibility summary: {'visible': 1, 'invisible': 0, 'partial': 0, 'total': 1}
   710.00ns INFO     cocotb.processorci_top             Dynamic regfile write program reached loop at cycle 11
   710.00ns INFO     cocotb.processorci_top             Skipping register file interface detection via Ollama.
   710.00ns INFO     cocotb.processorci_top             Processor name: /home/gabcro/Code/Processor_CI/cores_utils/riscv-pipeline-cpu
   710.00ns INFO     cocotb.processorci_top             Register file candidates: ['processorci_top.Processor.regfile1.regs']
   710.00ns INFO     cocotb.processorci_top             Using register file: processorci_top.Processor.regfile1.regs
   710.00ns INFO     cocotb.processorci_top             Resolved register file: ArrayObject(processorci_top.Processor.regfile1.regs)
   720.00ns INFO     cocotb.processorci_top             [mem_driver cycle 1] cyc=0 stb=0 addr=0x00000024 data=0x00000013
   730.00ns INFO     cocotb.processorci_top             [mem_driver cycle 2] cyc=0 stb=0 addr=0x00000000 data=0x00000013
   740.00ns INFO     cocotb.processorci_top             [mem_driver cycle 3] cyc=0 stb=0 addr=0x00000000 data=0x00000013
   750.00ns INFO     cocotb.processorci_top             [mem_driver cycle 4] cyc=0 stb=0 addr=0x00000000 data=0x00000013
   760.00ns INFO     cocotb.processorci_top             Measuring execution model from architectural commit cadence...
   760.00ns INFO     cocotb.processorci_top             [measure] Observing signature commits through register-file interface
   760.00ns INFO     cocotb.processorci_top             [mem_driver cycle 5] cyc=0 stb=0 addr=0x00000000 data=0x00000013
   770.00ns INFO     cocotb.processorci_top             [mem_driver cycle 6] cyc=1 stb=1 addr=0x00000000 data=0x00000013
   780.00ns INFO     cocotb.processorci_top             [mem_driver cycle 7] cyc=1 stb=1 addr=0x00000004 data=0x00000013
   790.00ns INFO     cocotb.processorci_top             [mem_driver cycle 8] cyc=1 stb=1 addr=0x00000008 data=0x00000013
   800.00ns INFO     cocotb.processorci_top             [mem_driver cycle 9] cyc=1 stb=1 addr=0x0000000c data=0x00000013
   810.00ns INFO     cocotb.processorci_top             [mem_driver cycle 10] cyc=1 stb=1 addr=0x00000010 data=0x00000013
   820.00ns INFO     cocotb.processorci_top             [mem_driver cycle 11] cyc=1 stb=1 addr=0x00000014 data=0x00000013
   830.00ns INFO     cocotb.processorci_top             [mem_driver cycle 12] cyc=1 stb=1 addr=0x00000018 data=0x00000013
   840.00ns INFO     cocotb.processorci_top             [mem_driver cycle 13] cyc=1 stb=1 addr=0x0000001c data=0x00000013
   850.00ns INFO     cocotb.processorci_top             [mem_driver cycle 14] cyc=1 stb=1 addr=0x00000020 data=0x00000013
   860.00ns INFO     cocotb.processorci_top             [mem_driver cycle 15] cyc=1 stb=1 addr=0x00000024 data=0x00000013
   870.00ns INFO     cocotb.processorci_top             [mem_driver cycle 16] cyc=1 stb=1 addr=0x00000028 data=0x00000013
   880.00ns INFO     cocotb.processorci_top             [mem_driver cycle 17] cyc=1 stb=1 addr=0x0000002c data=0x00000013
   890.00ns INFO     cocotb.processorci_top             [mem_driver cycle 18] cyc=1 stb=1 addr=0x00000030 data=0x00000013
   900.00ns INFO     cocotb.processorci_top             [mem_driver cycle 19] cyc=1 stb=1 addr=0x00000034 data=0x00000013
   910.00ns INFO     cocotb.processorci_top             [mem_driver cycle 20] cyc=1 stb=1 addr=0x00000038 data=0x00000013
   980.00ns INFO     cocotb.processorci_top             [measure] Commit addi x5, x0, 0x135 at cycle 20: x5 = 0x00000135
   990.00ns INFO     cocotb.processorci_top             [measure] Commit addi x6, x0, 0x246 at cycle 21: x6 = 0x00000246
  1000.00ns INFO     cocotb.processorci_top             [measure] Commit addi x7, x0, 0x357 at cycle 22: x7 = 0x00000357
  1010.00ns INFO     cocotb.processorci_top             [measure] Commit addi x8, x0, 0x468 at cycle 23: x8 = 0x00000468
  1020.00ns INFO     cocotb.processorci_top             [measure] Commit addi x9, x0, 0x579 at cycle 24: x9 = 0x00000579
  1030.00ns INFO     cocotb.processorci_top             [measure] Commit addi x10, x0, 0x68a at cycle 25: x10 = 0x0000068a
  1030.00ns INFO     cocotb.processorci_top             [measure] Fetch intervals: [1, 1, 1, 1, 1]
  1030.00ns INFO     cocotb.processorci_top             [measure] Commit intervals: [1, 1, 1, 1, 1]
  1030.00ns INFO     cocotb.processorci_top             [measure] Fetch-to-commit latencies: [3, 3, 3, 3, 3, 3]
  1030.00ns INFO     cocotb.processorci_top             [measure] Classification: {'single_cycle': False, 'multicycle': False, 'pipeline': {'depth_estimate': 4, 'depth_estimate_source': 'write_interface_timing_corrected', 'raw_depth_estimate': 5}, 'confidence': 0.91}
  1030.00ns INFO     cocotb.processorci_top             Datapath results saved to /home/gabcro/Code/Processor_CI/cores_utils/riscv-pipeline-cpu/riscv-pipeline-cpu_labels.json
  1030.00ns INFO     cocotb.processorci_top             [forwarding] Running isolated forwarding probes...
  1030.00ns INFO     cocotb.processorci_top             [pipeline_finder] Starting bounded signal discovery
  1030.00ns INFO     cocotb.processorci_top             [pipeline_finder] Discovery complete: scopes=12 objects=239 truncated=True
  3210.00ns INFO     cocotb.processorci_top             [forwarding] Handshake calibration complete: supported=False recovery=False trials=1
  3210.00ns INFO     cocotb.processorci_top             [forwarding] Architectural calibration variants complete
  3210.00ns INFO     cocotb.processorci_top             [forwarding] Behavioral signal census complete: before={'pc': 87, 'instruction': 86, 'valid': 51, 'stall': 51, 'flush': 51, 'source_id': 47, 'destination_id': 47, 'operand': 87, 'store_data': 87, 'wb_data': 87, 'wb_enable': 51, 'packed_parent': 56} after={'pc': 40, 'instruction': 24, 'valid': 32, 'stall': 32, 'flush': 32, 'source_id': 32, 'destination_id': 32, 'operand': 35, 'store_data': 35, 'wb_data': 35, 'wb_enable': 32, 'packed_parent': 53}
  5070.00ns INFO     cocotb.processorci_top             [forwarding] Initial adjacent discovery trials complete for alu_to_alu
  6990.00ns INFO     cocotb.processorci_top             [forwarding] Initial adjacent discovery trials complete for alu_to_store_data
  8910.00ns INFO     cocotb.processorci_top             [forwarding] Initial adjacent discovery trials complete for alu_to_store_address
 18990.00ns INFO     cocotb.processorci_top             [forwarding] Initial adjacent discovery trials complete for load_to_alu
 20910.00ns INFO     cocotb.processorci_top             [forwarding] Initial adjacent discovery trials complete for load_to_store_data
 22830.00ns INFO     cocotb.processorci_top             [forwarding] Initial adjacent discovery trials complete for load_to_store_address
 42450.00ns INFO     cocotb.processorci_top             [forwarding] Focused adjacent rescan complete for ['alu_to_alu', 'alu_to_store_address', 'alu_to_store_data', 'load_to_alu', 'load_to_store_address', 'load_to_store_data']
 44550.00ns INFO     cocotb.processorci_top             [forwarding] Paired trials complete for alu_to_alu
 46710.00ns INFO     cocotb.processorci_top             [forwarding] Paired trials complete for alu_to_store_data
 48870.00ns INFO     cocotb.processorci_top             [forwarding] Paired trials complete for alu_to_store_address
 50970.00ns INFO     cocotb.processorci_top             [forwarding] Paired trials complete for load_to_alu
 53130.00ns INFO     cocotb.processorci_top             [forwarding] Paired trials complete for load_to_store_data
 55290.00ns INFO     cocotb.processorci_top             [forwarding] Paired trials complete for load_to_store_address
 99690.00ns INFO     cocotb.processorci_top             [forwarding] Independent gap 1 complete; active paths=['alu_to_alu', 'alu_to_store_address', 'alu_to_store_data', 'load_to_alu', 'load_to_store_address', 'load_to_store_data']
144330.00ns INFO     cocotb.processorci_top             [forwarding] Independent gap 2 complete; active paths=['alu_to_alu', 'alu_to_store_address', 'alu_to_store_data', 'load_to_alu', 'load_to_store_address', 'load_to_store_data']
189210.00ns INFO     cocotb.processorci_top             [forwarding] Independent gap 3 complete; active paths=['alu_to_alu', 'alu_to_store_address', 'alu_to_store_data', 'load_to_alu', 'load_to_store_address', 'load_to_store_data']
234330.00ns INFO     cocotb.processorci_top             [forwarding] Independent gap 4 complete; active paths=['alu_to_alu', 'alu_to_store_address', 'alu_to_store_data', 'load_to_alu', 'load_to_store_address', 'load_to_store_data']
279690.00ns INFO     cocotb.processorci_top             [forwarding] Independent gap 5 complete; active paths=['alu_to_alu', 'alu_to_store_address', 'alu_to_store_data', 'load_to_alu', 'load_to_store_address', 'load_to_store_data']
279980.00ns INFO     cocotb.processorci_top             [forwarding] probe results: {'execution': None, 'focused_rescan': None, 'alu_to_alu': 'inconclusive', 'alu_to_store_data': 'inconclusive', 'alu_to_store_address': 'inconclusive', 'load_to_alu': 'inconclusive', 'load_to_store_data': 'not_detected', 'load_to_store_address': 'not_detected'}
279980.00ns INFO     cocotb.processorci_top             [branch_prediction] Running branch-prediction probes...
280350.00ns WARNING  cocotb.processorci_top             [branch_prediction] probe=branch_resolution_taken invalid reason=architectural_completion_failed complete=False fetches=12 coverage=1.000
280720.00ns WARNING  cocotb.processorci_top             [branch_prediction] probe=branch_resolution_not_taken invalid reason=architectural_completion_failed complete=False fetches=12 coverage=1.000
282050.00ns WARNING  cocotb.processorci_top             [branch_prediction] probe=static_forward_not_taken invalid reason=architectural_completion_failed complete=False fetches=12 coverage=1.000
282420.00ns WARNING  cocotb.processorci_top             [branch_prediction] probe=static_forward_not_taken invalid reason=architectural_completion_failed complete=False fetches=12 coverage=1.000
282790.00ns WARNING  cocotb.processorci_top             [branch_prediction] probe=static_forward_not_taken invalid reason=architectural_completion_failed complete=False fetches=12 coverage=1.000
283190.00ns WARNING  cocotb.processorci_top             [branch_prediction] probe=static_backward_taken invalid reason=architectural_completion_failed complete=False fetches=15 coverage=1.000
283590.00ns WARNING  cocotb.processorci_top             [branch_prediction] probe=static_backward_taken invalid reason=architectural_completion_failed complete=False fetches=15 coverage=1.000
283990.00ns WARNING  cocotb.processorci_top             [branch_prediction] probe=static_backward_taken invalid reason=architectural_completion_failed complete=False fetches=15 coverage=1.000
716140.00ns WARNING  cocotb.processorci_top             [branch_prediction] probe=loop_predictor invalid reason=probe_timeout complete=False fetches=32208 coverage=1.000
729630.00ns WARNING  cocotb.processorci_top             [branch_prediction] probe=direct_btb invalid reason=probe_timeout complete=False fetches=1328 coverage=1.000
744400.00ns WARNING  cocotb.processorci_top             [branch_prediction] probe=indirect_constant_target invalid reason=probe_timeout complete=False fetches=5 coverage=0.031
773890.00ns WARNING  cocotb.processorci_top             [branch_prediction] probe=indirect_alternating_target invalid reason=probe_timeout complete=False fetches=9 coverage=0.021
784820.00ns WARNING  cocotb.processorci_top             [branch_prediction] probe=ras_standard_link invalid reason=probe_timeout complete=False fetches=1070 coverage=1.000
795750.00ns WARNING  cocotb.processorci_top             [branch_prediction] probe=ras_nonstandard_link_control invalid reason=probe_timeout complete=False fetches=1070 coverage=1.000
842210.00ns WARNING  cocotb.processorci_top             [branch_prediction] probe=reset_retention_observe invalid reason=probe_timeout complete=False fetches=1230 coverage=1.000
854740.00ns WARNING  cocotb.processorci_top             [branch_prediction] probe=reset_retention_train invalid reason=probe_timeout complete=False fetches=1230 coverage=1.000
867270.00ns WARNING  cocotb.processorci_top             [branch_prediction] probe=reset_retention_observe invalid reason=probe_timeout complete=False fetches=1230 coverage=1.000
869970.00ns WARNING  cocotb.processorci_top             [branch_prediction] probe=two_pc_alias_spacing_64 invalid reason=insufficient_occurrence_coverage complete=True fetches=245 coverage=0.469
875070.00ns WARNING  cocotb.processorci_top             [branch_prediction] probe=two_pc_alias_spacing_128 invalid reason=insufficient_occurrence_coverage complete=True fetches=485 coverage=0.469
884970.00ns WARNING  cocotb.processorci_top             [branch_prediction] probe=two_pc_alias_spacing_256 invalid reason=insufficient_occurrence_coverage complete=True fetches=965 coverage=0.469
904470.00ns WARNING  cocotb.processorci_top             [branch_prediction] probe=two_pc_alias_spacing_512 invalid reason=insufficient_occurrence_coverage complete=True fetches=1925 coverage=0.469
904470.00ns INFO     cocotb.processorci_top             [branch_prediction] status=inconclusive components=[]
904470.00ns INFO     cocotb.processorci_top             Results saved to /home/gabcro/Code/Processor_CI/cores_utils/riscv-pipeline-cpu/riscv-pipeline-cpu_labels.json
904470.00ns INFO     cocotb.regression                  cocotb_labeler.processor_test passed
904470.00ns INFO     cocotb.regression                  ***************************************************************************************
                                                        ** TEST                           STATUS  SIM TIME (ns)  REAL TIME (s)  RATIO (ns/s) **
                                                        ***************************************************************************************
                                                        ** cocotb_labeler.processor_test   PASS      904470.00          43.85      20624.76  **
                                                        ***************************************************************************************
                                                        ** TESTS=1 PASS=1 FAIL=0 SKIP=0              904470.00          43.85      20624.39  **
                                                        ***************************************************************************************
- :0: Verilog $finish
make[1]: Leaving directory '/home/gabcro/Code/Processor_CI/processor_ci_inspector'
Identified language: Verilog
Results saved to /home/gabcro/Code/Processor_CI/cores_utils/riscv-pipeline-cpu/riscv-pipeline-cpu_labels.json
Verilog
Directory being passed to cocotb_makefile_creator: /home/gabcro/Code/Processor_CI/cores/riscv-pipeline-cpu
Creating Makefile for riscv-pipeline-cpu...
