Processing labeler on /home/gabcro/Code/Processor_CI/cores/single_cycle_RISCV_CPU_Design-32bit...
WARNING: No LICENSE files found in the directory /home/gabcro/Code/Processor_CI/cores/single_cycle_RISCV_CPU_Design-32bit.
rm -f results.xml
"make" -f /home/gabcro/Code/Processor_CI/cores_utils/single_cycle_RISCV_CPU_Design-32bit/single_cycle_RISCV_CPU_Design-32bit.mk results.xml
make[1]: Entering directory '/home/gabcro/Code/Processor_CI/processor_ci_inspector'
mkdir -p sim_build/single_cycle_RISCV_CPU_Design-32bit
/usr/bin/verilator -cc --exe -Mdir sim_build/single_cycle_RISCV_CPU_Design-32bit --top-module processorci_top --language 1800-2017 -DSIMULATION -Wno-fatal -Wno-lint --public-flat-rw --trace --trace-structs --trace-underscore --timescale 1ns/1ps --vpi --public-flat-rw --prefix Vtop -o Vtop -LDFLAGS "-Wl,-rpath,/home/gabcro/Code/Processor_CI/processor_ci_inspector/env/lib/python3.13/site-packages/cocotb/libs -L/home/gabcro/Code/Processor_CI/processor_ci_inspector/env/lib/python3.13/site-packages/cocotb/libs -lcocotbvpi_verilator" +incdir+/home/gabcro/Code/Processor_CI/cores/single_cycle_RISCV_CPU_Design-32bit +incdir+/home/gabcro/Code/Processor_CI/cores/single_cycle_RISCV_CPU_Design-32bit/Verilog_Source  /home/gabcro/Code/Processor_CI/cores/single_cycle_RISCV_CPU_Design-32bit/Verilog_Source/RISCcpu.v /home/gabcro/Code/Processor_CI/RV-Bench/wrappers_golden/internal/ahblite_to_wishbone.sv /home/gabcro/Code/Processor_CI/RV-Bench/wrappers_golden/internal/axi4lite_to_wishbone.sv /home/gabcro/Code/Processor_CI/RV-Bench/wrappers_golden/internal/axi4_to_wishbone.sv /home/gabcro/Code/Processor_CI/RV-Bench/wrappers_golden/single_cycle_RISCV_CPU_Design-32bit.sv /home/gabcro/Code/Processor_CI/processor_ci_inspector/env/lib/python3.13/site-packages/cocotb/share/lib/verilator/verilator.cpp
%Warning-COMBDLY: /home/gabcro/Code/Processor_CI/cores/single_cycle_RISCV_CPU_Design-32bit/Verilog_Source/dataMem.v:53:18: Non-blocking assignment '<=' in combinational logic process
                                                                                                                         : ... This will be executed as a blocking assignment '='!
   53 |             dataR<=mem[address[9:2]];
      |                  ^~
                  /home/gabcro/Code/Processor_CI/cores/single_cycle_RISCV_CPU_Design-32bit/Verilog_Source/RISCcpu.v:216:1: ... note: In file included from 'RISCcpu.v'
                  ... For warning description see https://verilator.org/warn/COMBDLY?v=5.050
                  ... Use "/* verilator lint_off COMBDLY */" and lint_on around source to disable this message.
                  *** See https://verilator.org/warn/COMBDLY?v=5.050 before disabling this,
                  else you may end up with different sim results.
%Warning-COMBDLY: /home/gabcro/Code/Processor_CI/cores/single_cycle_RISCV_CPU_Design-32bit/Verilog_Source/dataMem.v:40:19: Non-blocking assignment '<=' in combinational logic process
                                                                                                                         : ... This will be executed as a blocking assignment '='!
   40 |             mem[0]<=32'd1;
      |                   ^~
                  /home/gabcro/Code/Processor_CI/cores/single_cycle_RISCV_CPU_Design-32bit/Verilog_Source/RISCcpu.v:216:1: ... note: In file included from 'RISCcpu.v'
%Warning-COMBDLY: /home/gabcro/Code/Processor_CI/cores/single_cycle_RISCV_CPU_Design-32bit/Verilog_Source/dataMem.v:41:19: Non-blocking assignment '<=' in combinational logic process
                                                                                                                         : ... This will be executed as a blocking assignment '='!
   41 |             mem[1]<=32'd2;
      |                   ^~
                  /home/gabcro/Code/Processor_CI/cores/single_cycle_RISCV_CPU_Design-32bit/Verilog_Source/RISCcpu.v:216:1: ... note: In file included from 'RISCcpu.v'
%Warning-COMBDLY: /home/gabcro/Code/Processor_CI/cores/single_cycle_RISCV_CPU_Design-32bit/Verilog_Source/dataMem.v:42:19: Non-blocking assignment '<=' in combinational logic process
                                                                                                                         : ... This will be executed as a blocking assignment '='!
   42 |             mem[2]<=32'd3;
      |                   ^~
                  /home/gabcro/Code/Processor_CI/cores/single_cycle_RISCV_CPU_Design-32bit/Verilog_Source/RISCcpu.v:216:1: ... note: In file included from 'RISCcpu.v'
%Warning-COMBDLY: /home/gabcro/Code/Processor_CI/cores/single_cycle_RISCV_CPU_Design-32bit/Verilog_Source/dataMem.v:43:19: Non-blocking assignment '<=' in combinational logic process
                                                                                                                         : ... This will be executed as a blocking assignment '='!
   43 |             mem[3]<=32'd4;
      |                   ^~
                  /home/gabcro/Code/Processor_CI/cores/single_cycle_RISCV_CPU_Design-32bit/Verilog_Source/RISCcpu.v:216:1: ... note: In file included from 'RISCcpu.v'
%Warning-COMBDLY: /home/gabcro/Code/Processor_CI/cores/single_cycle_RISCV_CPU_Design-32bit/Verilog_Source/dataMem.v:44:19: Non-blocking assignment '<=' in combinational logic process
                                                                                                                         : ... This will be executed as a blocking assignment '='!
   44 |             mem[4]<=32'd5;
      |                   ^~
                  /home/gabcro/Code/Processor_CI/cores/single_cycle_RISCV_CPU_Design-32bit/Verilog_Source/RISCcpu.v:216:1: ... note: In file included from 'RISCcpu.v'
%Warning-COMBDLY: /home/gabcro/Code/Processor_CI/cores/single_cycle_RISCV_CPU_Design-32bit/Verilog_Source/dataMem.v:45:19: Non-blocking assignment '<=' in combinational logic process
                                                                                                                         : ... This will be executed as a blocking assignment '='!
   45 |             mem[5]<=32'd6;
      |                   ^~
                  /home/gabcro/Code/Processor_CI/cores/single_cycle_RISCV_CPU_Design-32bit/Verilog_Source/RISCcpu.v:216:1: ... note: In file included from 'RISCcpu.v'
%Warning-COMBDLY: /home/gabcro/Code/Processor_CI/cores/single_cycle_RISCV_CPU_Design-32bit/Verilog_Source/dataMem.v:46:19: Non-blocking assignment '<=' in combinational logic process
                                                                                                                         : ... This will be executed as a blocking assignment '='!
   46 |             mem[6]<=32'd7;
      |                   ^~
                  /home/gabcro/Code/Processor_CI/cores/single_cycle_RISCV_CPU_Design-32bit/Verilog_Source/RISCcpu.v:216:1: ... note: In file included from 'RISCcpu.v'
%Warning-COMBDLY: /home/gabcro/Code/Processor_CI/cores/single_cycle_RISCV_CPU_Design-32bit/Verilog_Source/dataMem.v:47:19: Non-blocking assignment '<=' in combinational logic process
                                                                                                                         : ... This will be executed as a blocking assignment '='!
   47 |             mem[7]<=32'd8;
      |                   ^~
                  /home/gabcro/Code/Processor_CI/cores/single_cycle_RISCV_CPU_Design-32bit/Verilog_Source/RISCcpu.v:216:1: ... note: In file included from 'RISCcpu.v'
%Warning-COMBDLY: /home/gabcro/Code/Processor_CI/cores/single_cycle_RISCV_CPU_Design-32bit/Verilog_Source/dataMem.v:48:19: Non-blocking assignment '<=' in combinational logic process
                                                                                                                         : ... This will be executed as a blocking assignment '='!
   48 |             mem[8]<=32'd9;
      |                   ^~
                  /home/gabcro/Code/Processor_CI/cores/single_cycle_RISCV_CPU_Design-32bit/Verilog_Source/RISCcpu.v:216:1: ... note: In file included from 'RISCcpu.v'
%Warning-COMBDLY: /home/gabcro/Code/Processor_CI/cores/single_cycle_RISCV_CPU_Design-32bit/Verilog_Source/dataMem.v:49:19: Non-blocking assignment '<=' in combinational logic process
                                                                                                                         : ... This will be executed as a blocking assignment '='!
   49 |             mem[9]<=32'd10;
      |                   ^~
                  /home/gabcro/Code/Processor_CI/cores/single_cycle_RISCV_CPU_Design-32bit/Verilog_Source/RISCcpu.v:216:1: ... note: In file included from 'RISCcpu.v'
%Warning-COMBDLY: /home/gabcro/Code/Processor_CI/cores/single_cycle_RISCV_CPU_Design-32bit/Verilog_Source/dataMem.v:50:18: Non-blocking assignment '<=' in combinational logic process
                                                                                                                         : ... This will be executed as a blocking assignment '='!
   50 |             dataR<=32'b0;
      |                  ^~
                  /home/gabcro/Code/Processor_CI/cores/single_cycle_RISCV_CPU_Design-32bit/Verilog_Source/RISCcpu.v:216:1: ... note: In file included from 'RISCcpu.v'
%Warning-COMBDLY: /home/gabcro/Code/Processor_CI/cores/single_cycle_RISCV_CPU_Design-32bit/Verilog_Source/mux_From_ALU_mem_ToReg.v:34:31: Non-blocking assignment '<=' in combinational logic process
                                                                                                                                        : ... This will be executed as a blocking assignment '='!
   34 |                 maluandmem_out<=ALU_result;
      |                               ^~
                  /home/gabcro/Code/Processor_CI/cores/single_cycle_RISCV_CPU_Design-32bit/Verilog_Source/RISCcpu.v:206:1: ... note: In file included from 'RISCcpu.v'
%Warning-COMBDLY: /home/gabcro/Code/Processor_CI/cores/single_cycle_RISCV_CPU_Design-32bit/Verilog_Source/mux_From_ALU_mem_ToReg.v:38:31: Non-blocking assignment '<=' in combinational logic process
                                                                                                                                        : ... This will be executed as a blocking assignment '='!
   38 |                 maluandmem_out<=mem_data;
      |                               ^~
                  /home/gabcro/Code/Processor_CI/cores/single_cycle_RISCV_CPU_Design-32bit/Verilog_Source/RISCcpu.v:206:1: ... note: In file included from 'RISCcpu.v'
%Warning-COMBDLY: /home/gabcro/Code/Processor_CI/cores/single_cycle_RISCV_CPU_Design-32bit/Verilog_Source/mux_From_ALU_mem_ToReg.v:41:20: Non-blocking assignment '<=' in combinational logic process
                                                                                                                                        : ... This will be executed as a blocking assignment '='!
   41 |     maluandmem_out <= {{24{mem_data[7]}}, mem_data[7:0]};
      |                    ^~
                  /home/gabcro/Code/Processor_CI/cores/single_cycle_RISCV_CPU_Design-32bit/Verilog_Source/RISCcpu.v:206:1: ... note: In file included from 'RISCcpu.v'
%Warning-COMBDLY: /home/gabcro/Code/Processor_CI/cores/single_cycle_RISCV_CPU_Design-32bit/Verilog_Source/mux_From_ALU_mem_ToReg.v:44:20: Non-blocking assignment '<=' in combinational logic process
                                                                                                                                        : ... This will be executed as a blocking assignment '='!
   44 |     maluandmem_out <= {{16{mem_data[15]}}, mem_data[15:0]};
      |                    ^~
                  /home/gabcro/Code/Processor_CI/cores/single_cycle_RISCV_CPU_Design-32bit/Verilog_Source/RISCcpu.v:206:1: ... note: In file included from 'RISCcpu.v'
%Warning-COMBDLY: /home/gabcro/Code/Processor_CI/cores/single_cycle_RISCV_CPU_Design-32bit/Verilog_Source/mux_From_ALU_mem_ToReg.v:47:20: Non-blocking assignment '<=' in combinational logic process
                                                                                                                                        : ... This will be executed as a blocking assignment '='!
   47 |     maluandmem_out <= {24'b0, mem_data[7:0]};
      |                    ^~
                  /home/gabcro/Code/Processor_CI/cores/single_cycle_RISCV_CPU_Design-32bit/Verilog_Source/RISCcpu.v:206:1: ... note: In file included from 'RISCcpu.v'
%Warning-COMBDLY: /home/gabcro/Code/Processor_CI/cores/single_cycle_RISCV_CPU_Design-32bit/Verilog_Source/mux_From_ALU_mem_ToReg.v:50:20: Non-blocking assignment '<=' in combinational logic process
                                                                                                                                        : ... This will be executed as a blocking assignment '='!
   50 |     maluandmem_out <= {16'b0, mem_data[15:0]};
      |                    ^~
                  /home/gabcro/Code/Processor_CI/cores/single_cycle_RISCV_CPU_Design-32bit/Verilog_Source/RISCcpu.v:206:1: ... note: In file included from 'RISCcpu.v'
%Warning-COMBDLY: /home/gabcro/Code/Processor_CI/cores/single_cycle_RISCV_CPU_Design-32bit/Verilog_Source/mux_From_rs2_To_mem.v:33:25: Non-blocking assignment '<=' in combinational logic process
                                                                                                                                     : ... This will be executed as a blocking assignment '='!
   33 |                 mrs2_out<=rs2;
      |                         ^~
                  /home/gabcro/Code/Processor_CI/cores/single_cycle_RISCV_CPU_Design-32bit/Verilog_Source/RISCcpu.v:197:1: ... note: In file included from 'RISCcpu.v'
%Warning-COMBDLY: /home/gabcro/Code/Processor_CI/cores/single_cycle_RISCV_CPU_Design-32bit/Verilog_Source/mux_From_rs2_To_mem.v:36:25: Non-blocking assignment '<=' in combinational logic process
                                                                                                                                     : ... This will be executed as a blocking assignment '='!
   36 |                mrs2_out <= {{24{rs2[7]}}, rs2[7:0]};
      |                         ^~
                  /home/gabcro/Code/Processor_CI/cores/single_cycle_RISCV_CPU_Design-32bit/Verilog_Source/RISCcpu.v:197:1: ... note: In file included from 'RISCcpu.v'
%Warning-COMBDLY: /home/gabcro/Code/Processor_CI/cores/single_cycle_RISCV_CPU_Design-32bit/Verilog_Source/mux_From_rs2_To_mem.v:39:25: Non-blocking assignment '<=' in combinational logic process
                                                                                                                                     : ... This will be executed as a blocking assignment '='!
   39 |                mrs2_out <= {{16{rs2[15]}}, rs2[15:0]};
      |                         ^~
                  /home/gabcro/Code/Processor_CI/cores/single_cycle_RISCV_CPU_Design-32bit/Verilog_Source/RISCcpu.v:197:1: ... note: In file included from 'RISCcpu.v'
%Warning-COMBDLY: /home/gabcro/Code/Processor_CI/cores/single_cycle_RISCV_CPU_Design-32bit/Verilog_Source/mux_From_PC_rs1_To_PC.v:37:30: Non-blocking assignment '<=' in combinational logic process
                                                                                                                                       : ... This will be executed as a blocking assignment '='!
   37 |                 mrs1andpc_out<=rs1;
      |                              ^~
                  /home/gabcro/Code/Processor_CI/cores/single_cycle_RISCV_CPU_Design-32bit/Verilog_Source/RISCcpu.v:186:1: ... note: In file included from 'RISCcpu.v'
%Warning-COMBDLY: /home/gabcro/Code/Processor_CI/cores/single_cycle_RISCV_CPU_Design-32bit/Verilog_Source/ALU.v:34:20: Non-blocking assignment '<=' in combinational logic process
                                                                                                                     : ... This will be executed as a blocking assignment '='!
   34 |                 res<=rs1+rs2;
      |                    ^~
                  /home/gabcro/Code/Processor_CI/cores/single_cycle_RISCV_CPU_Design-32bit/Verilog_Source/RISCcpu.v:175:1: ... note: In file included from 'RISCcpu.v'
%Warning-COMBDLY: /home/gabcro/Code/Processor_CI/cores/single_cycle_RISCV_CPU_Design-32bit/Verilog_Source/ALU.v:60:20: Non-blocking assignment '<=' in combinational logic process
                                                                                                                     : ... This will be executed as a blocking assignment '='!
   60 |                 res<=rs1/rs2;
      |                    ^~
                  /home/gabcro/Code/Processor_CI/cores/single_cycle_RISCV_CPU_Design-32bit/Verilog_Source/RISCcpu.v:175:1: ... note: In file included from 'RISCcpu.v'
%Warning-COMBDLY: /home/gabcro/Code/Processor_CI/cores/single_cycle_RISCV_CPU_Design-32bit/Verilog_Source/ALU.v:84:20: Non-blocking assignment '<=' in combinational logic process
                                                                                                                     : ... This will be executed as a blocking assignment '='!
   84 |                 res<=rs1>>rs2;
      |                    ^~
                  /home/gabcro/Code/Processor_CI/cores/single_cycle_RISCV_CPU_Design-32bit/Verilog_Source/RISCcpu.v:175:1: ... note: In file included from 'RISCcpu.v'
%Warning-COMBDLY: /home/gabcro/Code/Processor_CI/cores/single_cycle_RISCV_CPU_Design-32bit/Verilog_Source/ALU.v:110:23: Non-blocking assignment '<=' in combinational logic process
                                                                                                                      : ... This will be executed as a blocking assignment '='!
  110 |         if(res==0)zero<=1;
      |                       ^~
                  /home/gabcro/Code/Processor_CI/cores/single_cycle_RISCV_CPU_Design-32bit/Verilog_Source/RISCcpu.v:175:1: ... note: In file included from 'RISCcpu.v'
%Warning-COMBDLY: /home/gabcro/Code/Processor_CI/cores/single_cycle_RISCV_CPU_Design-32bit/Verilog_Source/mux_From_rs2_IE_To_ALU.v:32:30: Non-blocking assignment '<=' in combinational logic process
                                                                                                                                        : ... This will be executed as a blocking assignment '='!
   32 |                 mrs2andie_out<=rs2;
      |                              ^~
                  /home/gabcro/Code/Processor_CI/cores/single_cycle_RISCV_CPU_Design-32bit/Verilog_Source/RISCcpu.v:164:1: ... note: In file included from 'RISCcpu.v'
%Warning-COMBDLY: /home/gabcro/Code/Processor_CI/cores/single_cycle_RISCV_CPU_Design-32bit/Verilog_Source/mux_From_rs2_IE_To_ALU.v:35:30: Non-blocking assignment '<=' in combinational logic process
                                                                                                                                        : ... This will be executed as a blocking assignment '='!
   35 |                 mrs2andie_out<=4'h4;
      |                              ^~
                  /home/gabcro/Code/Processor_CI/cores/single_cycle_RISCV_CPU_Design-32bit/Verilog_Source/RISCcpu.v:164:1: ... note: In file included from 'RISCcpu.v'
%Warning-COMBDLY: /home/gabcro/Code/Processor_CI/cores/single_cycle_RISCV_CPU_Design-32bit/Verilog_Source/mux_From_rs2_IE_To_ALU.v:38:30: Non-blocking assignment '<=' in combinational logic process
                                                                                                                                        : ... This will be executed as a blocking assignment '='!
   38 |                 mrs2andie_out<=imm;
      |                              ^~
                  /home/gabcro/Code/Processor_CI/cores/single_cycle_RISCV_CPU_Design-32bit/Verilog_Source/RISCcpu.v:164:1: ... note: In file included from 'RISCcpu.v'
%Warning-COMBDLY: /home/gabcro/Code/Processor_CI/cores/single_cycle_RISCV_CPU_Design-32bit/Verilog_Source/mux_From_rs1_PC_To_ALU.v:35:30: Non-blocking assignment '<=' in combinational logic process
                                                                                                                                        : ... This will be executed as a blocking assignment '='!
   35 |                 mrs1andpc_out<=pc;
      |                              ^~
                  /home/gabcro/Code/Processor_CI/cores/single_cycle_RISCV_CPU_Design-32bit/Verilog_Source/RISCcpu.v:154:1: ... note: In file included from 'RISCcpu.v'
%Warning-COMBDLY: /home/gabcro/Code/Processor_CI/cores/single_cycle_RISCV_CPU_Design-32bit/Verilog_Source/regFile.v:65:19: Non-blocking assignment '<=' in combinational logic process
                                                                                                                         : ... This will be executed as a blocking assignment '='!
   65 |             Rdata1<=regF[Radd1];
      |                   ^~
                  /home/gabcro/Code/Processor_CI/cores/single_cycle_RISCV_CPU_Design-32bit/Verilog_Source/RISCcpu.v:138:1: ... note: In file included from 'RISCcpu.v'
%Warning-COMBDLY: /home/gabcro/Code/Processor_CI/cores/single_cycle_RISCV_CPU_Design-32bit/Verilog_Source/regFile.v:66:19: Non-blocking assignment '<=' in combinational logic process
                                                                                                                         : ... This will be executed as a blocking assignment '='!
   66 |             Rdata2<=regF[Radd2];
      |                   ^~
                  /home/gabcro/Code/Processor_CI/cores/single_cycle_RISCV_CPU_Design-32bit/Verilog_Source/RISCcpu.v:138:1: ... note: In file included from 'RISCcpu.v'
%Warning-COMBDLY: /home/gabcro/Code/Processor_CI/cores/single_cycle_RISCV_CPU_Design-32bit/Verilog_Source/regFile.v:61:19: Non-blocking assignment '<=' in combinational logic process
                                                                                                                         : ... This will be executed as a blocking assignment '='!
   61 |             Rdata1<=32'b0;
      |                   ^~
                  /home/gabcro/Code/Processor_CI/cores/single_cycle_RISCV_CPU_Design-32bit/Verilog_Source/RISCcpu.v:138:1: ... note: In file included from 'RISCcpu.v'
%Warning-COMBDLY: /home/gabcro/Code/Processor_CI/cores/single_cycle_RISCV_CPU_Design-32bit/Verilog_Source/regFile.v:62:19: Non-blocking assignment '<=' in combinational logic process
                                                                                                                         : ... This will be executed as a blocking assignment '='!
   62 |             Rdata2<=32'b0;
      |                   ^~
                  /home/gabcro/Code/Processor_CI/cores/single_cycle_RISCV_CPU_Design-32bit/Verilog_Source/RISCcpu.v:138:1: ... note: In file included from 'RISCcpu.v'
%Warning-COMBDLY: /home/gabcro/Code/Processor_CI/cores/single_cycle_RISCV_CPU_Design-32bit/Verilog_Source/IE.v:31:17: Non-blocking assignment '<=' in combinational logic process
                                                                                                                    : ... This will be executed as a blocking assignment '='!
   31 |             imm <= {{20{instruct[31]}} , instruct[31:20]};
      |                 ^~
                  /home/gabcro/Code/Processor_CI/cores/single_cycle_RISCV_CPU_Design-32bit/Verilog_Source/RISCcpu.v:129:1: ... note: In file included from 'RISCcpu.v'
%Warning-COMBDLY: /home/gabcro/Code/Processor_CI/cores/single_cycle_RISCV_CPU_Design-32bit/Verilog_Source/IE.v:34:21: Non-blocking assignment '<=' in combinational logic process
                                                                                                                    : ... This will be executed as a blocking assignment '='!
   34 |                 imm <= {instruct[31:12], 12'b0};
      |                     ^~
                  /home/gabcro/Code/Processor_CI/cores/single_cycle_RISCV_CPU_Design-32bit/Verilog_Source/RISCcpu.v:129:1: ... note: In file included from 'RISCcpu.v'
%Warning-COMBDLY: /home/gabcro/Code/Processor_CI/cores/single_cycle_RISCV_CPU_Design-32bit/Verilog_Source/IE.v:37:21: Non-blocking assignment '<=' in combinational logic process
                                                                                                                    : ... This will be executed as a blocking assignment '='!
   37 |                 imm <= {{20{instruct[31]}}, instruct[31:25], instruct[11:7]};
      |                     ^~
                  /home/gabcro/Code/Processor_CI/cores/single_cycle_RISCV_CPU_Design-32bit/Verilog_Source/RISCcpu.v:129:1: ... note: In file included from 'RISCcpu.v'
%Warning-COMBDLY: /home/gabcro/Code/Processor_CI/cores/single_cycle_RISCV_CPU_Design-32bit/Verilog_Source/IE.v:40:21: Non-blocking assignment '<=' in combinational logic process
                                                                                                                    : ... This will be executed as a blocking assignment '='!
   40 |                 imm <= {{20{instruct[31]}}, instruct[7], instruct[30:25], instruct[11:8], 1'b0};
      |                     ^~
                  /home/gabcro/Code/Processor_CI/cores/single_cycle_RISCV_CPU_Design-32bit/Verilog_Source/RISCcpu.v:129:1: ... note: In file included from 'RISCcpu.v'
%Warning-COMBDLY: /home/gabcro/Code/Processor_CI/cores/single_cycle_RISCV_CPU_Design-32bit/Verilog_Source/IE.v:43:21: Non-blocking assignment '<=' in combinational logic process
                                                                                                                    : ... This will be executed as a blocking assignment '='!
   43 |                 imm <= {{12{instruct[31]}}, instruct[19:12], instruct[20], instruct[30:21], 1'b0};
      |                     ^~
                  /home/gabcro/Code/Processor_CI/cores/single_cycle_RISCV_CPU_Design-32bit/Verilog_Source/RISCcpu.v:129:1: ... note: In file included from 'RISCcpu.v'
%Warning-COMBDLY: /home/gabcro/Code/Processor_CI/cores/single_cycle_RISCV_CPU_Design-32bit/Verilog_Source/IE.v:46:21: Non-blocking assignment '<=' in combinational logic process
                                                                                                                    : ... This will be executed as a blocking assignment '='!
   46 |                 imm <= {{27{instruct[31]}}, instruct[24:20]};
      |                     ^~
                  /home/gabcro/Code/Processor_CI/cores/single_cycle_RISCV_CPU_Design-32bit/Verilog_Source/RISCcpu.v:129:1: ... note: In file included from 'RISCcpu.v'
%Warning-COMBDLY: /home/gabcro/Code/Processor_CI/cores/single_cycle_RISCV_CPU_Design-32bit/Verilog_Source/IE.v:49:21: Non-blocking assignment '<=' in combinational logic process
                                                                                                                    : ... This will be executed as a blocking assignment '='!
   49 |                 imm <= {20'b0 , instruct[31:20]};
      |                     ^~
                  /home/gabcro/Code/Processor_CI/cores/single_cycle_RISCV_CPU_Design-32bit/Verilog_Source/RISCcpu.v:129:1: ... note: In file included from 'RISCcpu.v'
%Warning-COMBDLY: /home/gabcro/Code/Processor_CI/cores/single_cycle_RISCV_CPU_Design-32bit/Verilog_Source/ID.v:64:22: Non-blocking assignment '<=' in combinational logic process
                                                                                                                    : ... This will be executed as a blocking assignment '='!
   64 |                jump_o<=(opcode[6] & opcode[5] & ~opcode[4] & opcode[3] & opcode[2] & opcode[1] & opcode[0])  
      |                      ^~
                  /home/gabcro/Code/Processor_CI/cores/single_cycle_RISCV_CPU_Design-32bit/Verilog_Source/RISCcpu.v:105:1: ... note: In file included from 'RISCcpu.v'
%Warning-COMBDLY: /home/gabcro/Code/Processor_CI/cores/single_cycle_RISCV_CPU_Design-32bit/Verilog_Source/ID.v:66:22: Non-blocking assignment '<=' in combinational logic process
                                                                                                                    : ... This will be executed as a blocking assignment '='!
   66 |                Wadd  <= instruct[11:7];
      |                      ^~
                  /home/gabcro/Code/Processor_CI/cores/single_cycle_RISCV_CPU_Design-32bit/Verilog_Source/RISCcpu.v:105:1: ... note: In file included from 'RISCcpu.v'
%Warning-COMBDLY: /home/gabcro/Code/Processor_CI/cores/single_cycle_RISCV_CPU_Design-32bit/Verilog_Source/ID.v:67:22: Non-blocking assignment '<=' in combinational logic process
                                                                                                                    : ... This will be executed as a blocking assignment '='!
   67 |                Radd1 <= instruct[19:15];
      |                      ^~
                  /home/gabcro/Code/Processor_CI/cores/single_cycle_RISCV_CPU_Design-32bit/Verilog_Source/RISCcpu.v:105:1: ... note: In file included from 'RISCcpu.v'
%Warning-COMBDLY: /home/gabcro/Code/Processor_CI/cores/single_cycle_RISCV_CPU_Design-32bit/Verilog_Source/ID.v:68:22: Non-blocking assignment '<=' in combinational logic process
                                                                                                                    : ... This will be executed as a blocking assignment '='!
   68 |                Radd2 <= instruct[24:20];
      |                      ^~
                  /home/gabcro/Code/Processor_CI/cores/single_cycle_RISCV_CPU_Design-32bit/Verilog_Source/RISCcpu.v:105:1: ... note: In file included from 'RISCcpu.v'
%Warning-COMBDLY: /home/gabcro/Code/Processor_CI/cores/single_cycle_RISCV_CPU_Design-32bit/Verilog_Source/ID.v:71:31: Non-blocking assignment '<=' in combinational logic process
                                                                                                                    : ... This will be executed as a blocking assignment '='!
   71 |                mrs1andpc_ctr  <= 0;
      |                               ^~
                  /home/gabcro/Code/Processor_CI/cores/single_cycle_RISCV_CPU_Design-32bit/Verilog_Source/RISCcpu.v:105:1: ... note: In file included from 'RISCcpu.v'
%Warning-COMBDLY: /home/gabcro/Code/Processor_CI/cores/single_cycle_RISCV_CPU_Design-32bit/Verilog_Source/ID.v:72:31: Non-blocking assignment '<=' in combinational logic process
                                                                                                                    : ... This will be executed as a blocking assignment '='!
   72 |                mrs1andpc_ctr2 <= 0;
      |                               ^~
                  /home/gabcro/Code/Processor_CI/cores/single_cycle_RISCV_CPU_Design-32bit/Verilog_Source/RISCcpu.v:105:1: ... note: In file included from 'RISCcpu.v'
%Warning-COMBDLY: /home/gabcro/Code/Processor_CI/cores/single_cycle_RISCV_CPU_Design-32bit/Verilog_Source/ID.v:74:26: Non-blocking assignment '<=' in combinational logic process
                                                                                                                    : ... This will be executed as a blocking assignment '='!
   74 |                alu_ctr_o <= 5'b011000;
      |                          ^~
                  /home/gabcro/Code/Processor_CI/cores/single_cycle_RISCV_CPU_Design-32bit/Verilog_Source/RISCcpu.v:105:1: ... note: In file included from 'RISCcpu.v'
%Warning-COMBDLY: /home/gabcro/Code/Processor_CI/cores/single_cycle_RISCV_CPU_Design-32bit/Verilog_Source/ID.v:75:31: Non-blocking assignment '<=' in combinational logic process
                                                                                                                    : ... This will be executed as a blocking assignment '='!
   75 |                mrs2andie_ctr  <= 2'b00;
      |                               ^~
                  /home/gabcro/Code/Processor_CI/cores/single_cycle_RISCV_CPU_Design-32bit/Verilog_Source/RISCcpu.v:105:1: ... note: In file included from 'RISCcpu.v'
%Warning-COMBDLY: /home/gabcro/Code/Processor_CI/cores/single_cycle_RISCV_CPU_Design-32bit/Verilog_Source/ID.v:78:31: Non-blocking assignment '<=' in combinational logic process
                                                                                                                    : ... This will be executed as a blocking assignment '='!
   78 |                maluandmem_ctr <= 2'b000;
      |                               ^~
                  /home/gabcro/Code/Processor_CI/cores/single_cycle_RISCV_CPU_Design-32bit/Verilog_Source/RISCcpu.v:105:1: ... note: In file included from 'RISCcpu.v'
%Warning-COMBDLY: /home/gabcro/Code/Processor_CI/cores/single_cycle_RISCV_CPU_Design-32bit/Verilog_Source/ID.v:81:37: Non-blocking assignment '<=' in combinational logic process
                                                                                                                    : ... This will be executed as a blocking assignment '='!
   81 |                      mrs1andpc_ctr  <= 0;
      |                                     ^~
                  /home/gabcro/Code/Processor_CI/cores/single_cycle_RISCV_CPU_Design-32bit/Verilog_Source/RISCcpu.v:105:1: ... note: In file included from 'RISCcpu.v'
%Warning-COMBDLY: /home/gabcro/Code/Processor_CI/cores/single_cycle_RISCV_CPU_Design-32bit/Verilog_Source/ID.v:82:37: Non-blocking assignment '<=' in combinational logic process
                                                                                                                    : ... This will be executed as a blocking assignment '='!
   82 |                      mrs2andie_ctr  <= 2'b00;
      |                                     ^~
                  /home/gabcro/Code/Processor_CI/cores/single_cycle_RISCV_CPU_Design-32bit/Verilog_Source/RISCcpu.v:105:1: ... note: In file included from 'RISCcpu.v'
%Warning-COMBDLY: /home/gabcro/Code/Processor_CI/cores/single_cycle_RISCV_CPU_Design-32bit/Verilog_Source/ID.v:83:37: Non-blocking assignment '<=' in combinational logic process
                                                                                                                    : ... This will be executed as a blocking assignment '='!
   83 |                      maluandmem_ctr <= 2'b000;
      |                                     ^~
                  /home/gabcro/Code/Processor_CI/cores/single_cycle_RISCV_CPU_Design-32bit/Verilog_Source/RISCcpu.v:105:1: ... note: In file included from 'RISCcpu.v'
%Warning-COMBDLY: /home/gabcro/Code/Processor_CI/cores/single_cycle_RISCV_CPU_Design-32bit/Verilog_Source/ID.v:84:36: Non-blocking assignment '<=' in combinational logic process
                                                                                                                    : ... This will be executed as a blocking assignment '='!
   84 |                      mrs1andpc_ctr2<=0;
      |                                    ^~
                  /home/gabcro/Code/Processor_CI/cores/single_cycle_RISCV_CPU_Design-32bit/Verilog_Source/RISCcpu.v:105:1: ... note: In file included from 'RISCcpu.v'
%Warning-COMBDLY: /home/gabcro/Code/Processor_CI/cores/single_cycle_RISCV_CPU_Design-32bit/Verilog_Source/ID.v:88:30: Non-blocking assignment '<=' in combinational logic process
                                                                                                                    : ... This will be executed as a blocking assignment '='!
   88 |                              case(f3)
      |                              ^~~~
                  /home/gabcro/Code/Processor_CI/cores/single_cycle_RISCV_CPU_Design-32bit/Verilog_Source/RISCcpu.v:105:1: ... note: In file included from 'RISCcpu.v'
%Warning-COMBDLY: /home/gabcro/Code/Processor_CI/cores/single_cycle_RISCV_CPU_Design-32bit/Verilog_Source/ID.v:116:32: Non-blocking assignment '<=' in combinational logic process
                                                                                                                     : ... This will be executed as a blocking assignment '='!
  116 |                                case(f3)
      |                                ^~~~
                  /home/gabcro/Code/Processor_CI/cores/single_cycle_RISCV_CPU_Design-32bit/Verilog_Source/RISCcpu.v:105:1: ... note: In file included from 'RISCcpu.v'
%Warning-COMBDLY: /home/gabcro/Code/Processor_CI/cores/single_cycle_RISCV_CPU_Design-32bit/Verilog_Source/ID.v:146:49: Non-blocking assignment '<=' in combinational logic process
                                                                                                                     : ... This will be executed as a blocking assignment '='!
  146 |                                       alu_ctr_o <= 6'b010000;  
      |                                                 ^~
                  /home/gabcro/Code/Processor_CI/cores/single_cycle_RISCV_CPU_Design-32bit/Verilog_Source/RISCcpu.v:105:1: ... note: In file included from 'RISCcpu.v'
%Warning-COMBDLY: /home/gabcro/Code/Processor_CI/cores/single_cycle_RISCV_CPU_Design-32bit/Verilog_Source/ID.v:149:49: Non-blocking assignment '<=' in combinational logic process
                                                                                                                     : ... This will be executed as a blocking assignment '='!
  149 |                                       alu_ctr_o <= 6'b010001;  
      |                                                 ^~
                  /home/gabcro/Code/Processor_CI/cores/single_cycle_RISCV_CPU_Design-32bit/Verilog_Source/RISCcpu.v:105:1: ... note: In file included from 'RISCcpu.v'
%Warning-COMBDLY: /home/gabcro/Code/Processor_CI/cores/single_cycle_RISCV_CPU_Design-32bit/Verilog_Source/ID.v:158:38: Non-blocking assignment '<=' in combinational logic process
                                                                                                                     : ... This will be executed as a blocking assignment '='!
  158 |                       mrs1andpc_ctr  <= 0;
      |                                      ^~
                  /home/gabcro/Code/Processor_CI/cores/single_cycle_RISCV_CPU_Design-32bit/Verilog_Source/RISCcpu.v:105:1: ... note: In file included from 'RISCcpu.v'
%Warning-COMBDLY: /home/gabcro/Code/Processor_CI/cores/single_cycle_RISCV_CPU_Design-32bit/Verilog_Source/ID.v:159:38: Non-blocking assignment '<=' in combinational logic process
                                                                                                                     : ... This will be executed as a blocking assignment '='!
  159 |                       mrs2andie_ctr  <= 2'b10;
      |                                      ^~
                  /home/gabcro/Code/Processor_CI/cores/single_cycle_RISCV_CPU_Design-32bit/Verilog_Source/RISCcpu.v:105:1: ... note: In file included from 'RISCcpu.v'
%Warning-COMBDLY: /home/gabcro/Code/Processor_CI/cores/single_cycle_RISCV_CPU_Design-32bit/Verilog_Source/ID.v:160:38: Non-blocking assignment '<=' in combinational logic process
                                                                                                                     : ... This will be executed as a blocking assignment '='!
  160 |                       maluandmem_ctr <= 2'b000;
      |                                      ^~
                  /home/gabcro/Code/Processor_CI/cores/single_cycle_RISCV_CPU_Design-32bit/Verilog_Source/RISCcpu.v:105:1: ... note: In file included from 'RISCcpu.v'
%Warning-COMBDLY: /home/gabcro/Code/Processor_CI/cores/single_cycle_RISCV_CPU_Design-32bit/Verilog_Source/ID.v:161:37: Non-blocking assignment '<=' in combinational logic process
                                                                                                                     : ... This will be executed as a blocking assignment '='!
  161 |                       mrs1andpc_ctr2<=0;
      |                                     ^~
                  /home/gabcro/Code/Processor_CI/cores/single_cycle_RISCV_CPU_Design-32bit/Verilog_Source/RISCcpu.v:105:1: ... note: In file included from 'RISCcpu.v'
%Warning-COMBDLY: /home/gabcro/Code/Processor_CI/cores/single_cycle_RISCV_CPU_Design-32bit/Verilog_Source/ID.v:169:38: Non-blocking assignment '<=' in combinational logic process
                                                                                                                     : ... This will be executed as a blocking assignment '='!
  169 |                                 exop <= 3'b000;
      |                                      ^~
                  /home/gabcro/Code/Processor_CI/cores/single_cycle_RISCV_CPU_Design-32bit/Verilog_Source/RISCcpu.v:105:1: ... note: In file included from 'RISCcpu.v'
%Warning-COMBDLY: /home/gabcro/Code/Processor_CI/cores/single_cycle_RISCV_CPU_Design-32bit/Verilog_Source/ID.v:170:43: Non-blocking assignment '<=' in combinational logic process
                                                                                                                     : ... This will be executed as a blocking assignment '='!
  170 |                                 alu_ctr_o <= 6'b000001;  
      |                                           ^~
                  /home/gabcro/Code/Processor_CI/cores/single_cycle_RISCV_CPU_Design-32bit/Verilog_Source/RISCcpu.v:105:1: ... note: In file included from 'RISCcpu.v'
%Warning-COMBDLY: /home/gabcro/Code/Processor_CI/cores/single_cycle_RISCV_CPU_Design-32bit/Verilog_Source/ID.v:173:38: Non-blocking assignment '<=' in combinational logic process
                                                                                                                     : ... This will be executed as a blocking assignment '='!
  173 |                                 exop <= 3'b000;
      |                                      ^~
                  /home/gabcro/Code/Processor_CI/cores/single_cycle_RISCV_CPU_Design-32bit/Verilog_Source/RISCcpu.v:105:1: ... note: In file included from 'RISCcpu.v'
%Warning-COMBDLY: /home/gabcro/Code/Processor_CI/cores/single_cycle_RISCV_CPU_Design-32bit/Verilog_Source/ID.v:174:43: Non-blocking assignment '<=' in combinational logic process
                                                                                                                     : ... This will be executed as a blocking assignment '='!
  174 |                                 alu_ctr_o <= 6'b000010;  
      |                                           ^~
                  /home/gabcro/Code/Processor_CI/cores/single_cycle_RISCV_CPU_Design-32bit/Verilog_Source/RISCcpu.v:105:1: ... note: In file included from 'RISCcpu.v'
%Warning-COMBDLY: /home/gabcro/Code/Processor_CI/cores/single_cycle_RISCV_CPU_Design-32bit/Verilog_Source/ID.v:196:44: Non-blocking assignment '<=' in combinational logic process
                                                                                                                     : ... This will be executed as a blocking assignment '='!
  196 |                                       exop <= 3'b101;
      |                                            ^~
                  /home/gabcro/Code/Processor_CI/cores/single_cycle_RISCV_CPU_Design-32bit/Verilog_Source/RISCcpu.v:105:1: ... note: In file included from 'RISCcpu.v'
%Warning-COMBDLY: /home/gabcro/Code/Processor_CI/cores/single_cycle_RISCV_CPU_Design-32bit/Verilog_Source/ID.v:197:49: Non-blocking assignment '<=' in combinational logic process
                                                                                                                     : ... This will be executed as a blocking assignment '='!
  197 |                                       alu_ctr_o <= 6'b010100;  
      |                                                 ^~
                  /home/gabcro/Code/Processor_CI/cores/single_cycle_RISCV_CPU_Design-32bit/Verilog_Source/RISCcpu.v:105:1: ... note: In file included from 'RISCcpu.v'
%Warning-COMBDLY: /home/gabcro/Code/Processor_CI/cores/single_cycle_RISCV_CPU_Design-32bit/Verilog_Source/ID.v:202:38: Non-blocking assignment '<=' in combinational logic process
                                                                                                                     : ... This will be executed as a blocking assignment '='!
  202 |                                 exop <= 3'b000;
      |                                      ^~
                  /home/gabcro/Code/Processor_CI/cores/single_cycle_RISCV_CPU_Design-32bit/Verilog_Source/RISCcpu.v:105:1: ... note: In file included from 'RISCcpu.v'
%Warning-COMBDLY: /home/gabcro/Code/Processor_CI/cores/single_cycle_RISCV_CPU_Design-32bit/Verilog_Source/ID.v:203:43: Non-blocking assignment '<=' in combinational logic process
                                                                                                                     : ... This will be executed as a blocking assignment '='!
  203 |                                 alu_ctr_o <= 0'b00011;  
      |                                           ^~
                  /home/gabcro/Code/Processor_CI/cores/single_cycle_RISCV_CPU_Design-32bit/Verilog_Source/RISCcpu.v:105:1: ... note: In file included from 'RISCcpu.v'
%Warning-COMBDLY: /home/gabcro/Code/Processor_CI/cores/single_cycle_RISCV_CPU_Design-32bit/Verilog_Source/ID.v:189:38: Non-blocking assignment '<=' in combinational logic process
                                                                                                                     : ... This will be executed as a blocking assignment '='!
  189 |                                 exop <= 3'b110;
      |                                      ^~
                  /home/gabcro/Code/Processor_CI/cores/single_cycle_RISCV_CPU_Design-32bit/Verilog_Source/RISCcpu.v:105:1: ... note: In file included from 'RISCcpu.v'
%Warning-COMBDLY: /home/gabcro/Code/Processor_CI/cores/single_cycle_RISCV_CPU_Design-32bit/Verilog_Source/ID.v:190:43: Non-blocking assignment '<=' in combinational logic process
                                                                                                                     : ... This will be executed as a blocking assignment '='!
  190 |                                 alu_ctr_o <= 6'b010011;  
      |                                           ^~
                  /home/gabcro/Code/Processor_CI/cores/single_cycle_RISCV_CPU_Design-32bit/Verilog_Source/RISCcpu.v:105:1: ... note: In file included from 'RISCcpu.v'
%Warning-COMBDLY: /home/gabcro/Code/Processor_CI/cores/single_cycle_RISCV_CPU_Design-32bit/Verilog_Source/ID.v:179:44: Non-blocking assignment '<=' in combinational logic process
                                                                                                                     : ... This will be executed as a blocking assignment '='!
  179 |                                       exop <= 3'b101;
      |                                            ^~
                  /home/gabcro/Code/Processor_CI/cores/single_cycle_RISCV_CPU_Design-32bit/Verilog_Source/RISCcpu.v:105:1: ... note: In file included from 'RISCcpu.v'
%Warning-COMBDLY: /home/gabcro/Code/Processor_CI/cores/single_cycle_RISCV_CPU_Design-32bit/Verilog_Source/ID.v:180:49: Non-blocking assignment '<=' in combinational logic process
                                                                                                                     : ... This will be executed as a blocking assignment '='!
  180 |                                       alu_ctr_o <= 6'b010010;  
      |                                                 ^~
                  /home/gabcro/Code/Processor_CI/cores/single_cycle_RISCV_CPU_Design-32bit/Verilog_Source/RISCcpu.v:105:1: ... note: In file included from 'RISCcpu.v'
%Warning-COMBDLY: /home/gabcro/Code/Processor_CI/cores/single_cycle_RISCV_CPU_Design-32bit/Verilog_Source/ID.v:165:38: Non-blocking assignment '<=' in combinational logic process
                                                                                                                     : ... This will be executed as a blocking assignment '='!
  165 |                                 exop <= 3'b000;
      |                                      ^~
                  /home/gabcro/Code/Processor_CI/cores/single_cycle_RISCV_CPU_Design-32bit/Verilog_Source/RISCcpu.v:105:1: ... note: In file included from 'RISCcpu.v'
%Warning-COMBDLY: /home/gabcro/Code/Processor_CI/cores/single_cycle_RISCV_CPU_Design-32bit/Verilog_Source/ID.v:166:43: Non-blocking assignment '<=' in combinational logic process
                                                                                                                     : ... This will be executed as a blocking assignment '='!
  166 |                                 alu_ctr_o <= 6'b000000;  
      |                                           ^~
                  /home/gabcro/Code/Processor_CI/cores/single_cycle_RISCV_CPU_Design-32bit/Verilog_Source/RISCcpu.v:105:1: ... note: In file included from 'RISCcpu.v'
%Warning-COMBDLY: /home/gabcro/Code/Processor_CI/cores/single_cycle_RISCV_CPU_Design-32bit/Verilog_Source/ID.v:209:30: Non-blocking assignment '<=' in combinational logic process
                                                                                                                     : ... This will be executed as a blocking assignment '='!
  209 |                         exop <= 3'b001;
      |                              ^~
                  /home/gabcro/Code/Processor_CI/cores/single_cycle_RISCV_CPU_Design-32bit/Verilog_Source/RISCcpu.v:105:1: ... note: In file included from 'RISCcpu.v'
%Warning-COMBDLY: /home/gabcro/Code/Processor_CI/cores/single_cycle_RISCV_CPU_Design-32bit/Verilog_Source/ID.v:210:35: Non-blocking assignment '<=' in combinational logic process
                                                                                                                     : ... This will be executed as a blocking assignment '='!
  210 |                         alu_ctr_o <= 6'b000000;
      |                                   ^~
                  /home/gabcro/Code/Processor_CI/cores/single_cycle_RISCV_CPU_Design-32bit/Verilog_Source/RISCcpu.v:105:1: ... note: In file included from 'RISCcpu.v'
%Warning-COMBDLY: /home/gabcro/Code/Processor_CI/cores/single_cycle_RISCV_CPU_Design-32bit/Verilog_Source/ID.v:211:39: Non-blocking assignment '<=' in combinational logic process
                                                                                                                     : ... This will be executed as a blocking assignment '='!
  211 |                         mrs1andpc_ctr <= 1;
      |                                       ^~
                  /home/gabcro/Code/Processor_CI/cores/single_cycle_RISCV_CPU_Design-32bit/Verilog_Source/RISCcpu.v:105:1: ... note: In file included from 'RISCcpu.v'
%Warning-COMBDLY: /home/gabcro/Code/Processor_CI/cores/single_cycle_RISCV_CPU_Design-32bit/Verilog_Source/ID.v:212:39: Non-blocking assignment '<=' in combinational logic process
                                                                                                                     : ... This will be executed as a blocking assignment '='!
  212 |                         mrs2andie_ctr <=  2'b10;
      |                                       ^~
                  /home/gabcro/Code/Processor_CI/cores/single_cycle_RISCV_CPU_Design-32bit/Verilog_Source/RISCcpu.v:105:1: ... note: In file included from 'RISCcpu.v'
%Warning-COMBDLY: /home/gabcro/Code/Processor_CI/cores/single_cycle_RISCV_CPU_Design-32bit/Verilog_Source/ID.v:216:38: Non-blocking assignment '<=' in combinational logic process
                                                                                                                     : ... This will be executed as a blocking assignment '='!
  216 |                       mrs1andpc_ctr  <= 0;   
      |                                      ^~
                  /home/gabcro/Code/Processor_CI/cores/single_cycle_RISCV_CPU_Design-32bit/Verilog_Source/RISCcpu.v:105:1: ... note: In file included from 'RISCcpu.v'
%Warning-COMBDLY: /home/gabcro/Code/Processor_CI/cores/single_cycle_RISCV_CPU_Design-32bit/Verilog_Source/ID.v:217:38: Non-blocking assignment '<=' in combinational logic process
                                                                                                                     : ... This will be executed as a blocking assignment '='!
  217 |                       mrs2andie_ctr  <= 2'b10;  
      |                                      ^~
                  /home/gabcro/Code/Processor_CI/cores/single_cycle_RISCV_CPU_Design-32bit/Verilog_Source/RISCcpu.v:105:1: ... note: In file included from 'RISCcpu.v'
%Warning-COMBDLY: /home/gabcro/Code/Processor_CI/cores/single_cycle_RISCV_CPU_Design-32bit/Verilog_Source/ID.v:218:29: Non-blocking assignment '<=' in combinational logic process
                                                                                                                     : ... This will be executed as a blocking assignment '='!
  218 |                       isWreg<=1'b1;
      |                             ^~
                  /home/gabcro/Code/Processor_CI/cores/single_cycle_RISCV_CPU_Design-32bit/Verilog_Source/RISCcpu.v:105:1: ... note: In file included from 'RISCcpu.v'
%Warning-COMBDLY: /home/gabcro/Code/Processor_CI/cores/single_cycle_RISCV_CPU_Design-32bit/Verilog_Source/ID.v:221:36: Non-blocking assignment '<=' in combinational logic process
                                                                                                                     : ... This will be executed as a blocking assignment '='!
  221 |                               exop <= 3'b000;
      |                                    ^~
                  /home/gabcro/Code/Processor_CI/cores/single_cycle_RISCV_CPU_Design-32bit/Verilog_Source/RISCcpu.v:105:1: ... note: In file included from 'RISCcpu.v'
%Warning-COMBDLY: /home/gabcro/Code/Processor_CI/cores/single_cycle_RISCV_CPU_Design-32bit/Verilog_Source/ID.v:222:41: Non-blocking assignment '<=' in combinational logic process
                                                                                                                     : ... This will be executed as a blocking assignment '='!
  222 |                               alu_ctr_o <= 6'b0000000;   
      |                                         ^~
                  /home/gabcro/Code/Processor_CI/cores/single_cycle_RISCV_CPU_Design-32bit/Verilog_Source/RISCcpu.v:105:1: ... note: In file included from 'RISCcpu.v'
%Warning-COMBDLY: /home/gabcro/Code/Processor_CI/cores/single_cycle_RISCV_CPU_Design-32bit/Verilog_Source/ID.v:227:36: Non-blocking assignment '<=' in combinational logic process
                                                                                                                     : ... This will be executed as a blocking assignment '='!
  227 |                               exop <= 3'b000;
      |                                    ^~
                  /home/gabcro/Code/Processor_CI/cores/single_cycle_RISCV_CPU_Design-32bit/Verilog_Source/RISCcpu.v:105:1: ... note: In file included from 'RISCcpu.v'
%Warning-COMBDLY: /home/gabcro/Code/Processor_CI/cores/single_cycle_RISCV_CPU_Design-32bit/Verilog_Source/ID.v:228:41: Non-blocking assignment '<=' in combinational logic process
                                                                                                                     : ... This will be executed as a blocking assignment '='!
  228 |                               alu_ctr_o <= 6'b000000;
      |                                         ^~
                  /home/gabcro/Code/Processor_CI/cores/single_cycle_RISCV_CPU_Design-32bit/Verilog_Source/RISCcpu.v:105:1: ... note: In file included from 'RISCcpu.v'
%Warning-COMBDLY: /home/gabcro/Code/Processor_CI/cores/single_cycle_RISCV_CPU_Design-32bit/Verilog_Source/ID.v:232:36: Non-blocking assignment '<=' in combinational logic process
                                                                                                                     : ... This will be executed as a blocking assignment '='!
  232 |                               exop <= 3'b000;
      |                                    ^~
                  /home/gabcro/Code/Processor_CI/cores/single_cycle_RISCV_CPU_Design-32bit/Verilog_Source/RISCcpu.v:105:1: ... note: In file included from 'RISCcpu.v'
%Warning-COMBDLY: /home/gabcro/Code/Processor_CI/cores/single_cycle_RISCV_CPU_Design-32bit/Verilog_Source/ID.v:233:41: Non-blocking assignment '<=' in combinational logic process
                                                                                                                     : ... This will be executed as a blocking assignment '='!
  233 |                               alu_ctr_o <= 6'b000000;
      |                                         ^~
                  /home/gabcro/Code/Processor_CI/cores/single_cycle_RISCV_CPU_Design-32bit/Verilog_Source/RISCcpu.v:105:1: ... note: In file included from 'RISCcpu.v'
%Warning-COMBDLY: /home/gabcro/Code/Processor_CI/cores/single_cycle_RISCV_CPU_Design-32bit/Verilog_Source/ID.v:237:36: Non-blocking assignment '<=' in combinational logic process
                                                                                                                     : ... This will be executed as a blocking assignment '='!
  237 |                               exop <= 3'b000;
      |                                    ^~
                  /home/gabcro/Code/Processor_CI/cores/single_cycle_RISCV_CPU_Design-32bit/Verilog_Source/RISCcpu.v:105:1: ... note: In file included from 'RISCcpu.v'
%Warning-COMBDLY: /home/gabcro/Code/Processor_CI/cores/single_cycle_RISCV_CPU_Design-32bit/Verilog_Source/ID.v:238:41: Non-blocking assignment '<=' in combinational logic process
                                                                                                                     : ... This will be executed as a blocking assignment '='!
  238 |                               alu_ctr_o <= 6'b000000;
      |                                         ^~
                  /home/gabcro/Code/Processor_CI/cores/single_cycle_RISCV_CPU_Design-32bit/Verilog_Source/RISCcpu.v:105:1: ... note: In file included from 'RISCcpu.v'
%Warning-COMBDLY: /home/gabcro/Code/Processor_CI/cores/single_cycle_RISCV_CPU_Design-32bit/Verilog_Source/ID.v:242:36: Non-blocking assignment '<=' in combinational logic process
                                                                                                                     : ... This will be executed as a blocking assignment '='!
  242 |                               exop <= 3'b000;
      |                                    ^~
                  /home/gabcro/Code/Processor_CI/cores/single_cycle_RISCV_CPU_Design-32bit/Verilog_Source/RISCcpu.v:105:1: ... note: In file included from 'RISCcpu.v'
%Warning-COMBDLY: /home/gabcro/Code/Processor_CI/cores/single_cycle_RISCV_CPU_Design-32bit/Verilog_Source/ID.v:243:41: Non-blocking assignment '<=' in combinational logic process
                                                                                                                     : ... This will be executed as a blocking assignment '='!
  243 |                               alu_ctr_o <= 6'b000000;
      |                                         ^~
                  /home/gabcro/Code/Processor_CI/cores/single_cycle_RISCV_CPU_Design-32bit/Verilog_Source/RISCcpu.v:105:1: ... note: In file included from 'RISCcpu.v'
%Warning-COMBDLY: /home/gabcro/Code/Processor_CI/cores/single_cycle_RISCV_CPU_Design-32bit/Verilog_Source/ID.v:247:36: Non-blocking assignment '<=' in combinational logic process
                                                                                                                     : ... This will be executed as a blocking assignment '='!
  247 |                               exop <= 3'b000;
      |                                    ^~
                  /home/gabcro/Code/Processor_CI/cores/single_cycle_RISCV_CPU_Design-32bit/Verilog_Source/RISCcpu.v:105:1: ... note: In file included from 'RISCcpu.v'
%Warning-COMBDLY: /home/gabcro/Code/Processor_CI/cores/single_cycle_RISCV_CPU_Design-32bit/Verilog_Source/ID.v:248:41: Non-blocking assignment '<=' in combinational logic process
                                                                                                                     : ... This will be executed as a blocking assignment '='!
  248 |                               alu_ctr_o <= 6'b000000;
      |                                         ^~
                  /home/gabcro/Code/Processor_CI/cores/single_cycle_RISCV_CPU_Design-32bit/Verilog_Source/RISCcpu.v:105:1: ... note: In file included from 'RISCcpu.v'
%Warning-COMBDLY: /home/gabcro/Code/Processor_CI/cores/single_cycle_RISCV_CPU_Design-32bit/Verilog_Source/ID.v:255:38: Non-blocking assignment '<=' in combinational logic process
                                                                                                                     : ... This will be executed as a blocking assignment '='!
  255 |                       mrs1andpc_ctr  <= 0;
      |                                      ^~
                  /home/gabcro/Code/Processor_CI/cores/single_cycle_RISCV_CPU_Design-32bit/Verilog_Source/RISCcpu.v:105:1: ... note: In file included from 'RISCcpu.v'
%Warning-COMBDLY: /home/gabcro/Code/Processor_CI/cores/single_cycle_RISCV_CPU_Design-32bit/Verilog_Source/ID.v:256:38: Non-blocking assignment '<=' in combinational logic process
                                                                                                                     : ... This will be executed as a blocking assignment '='!
  256 |                       mrs2andie_ctr  <= 2'b10;
      |                                      ^~
                  /home/gabcro/Code/Processor_CI/cores/single_cycle_RISCV_CPU_Design-32bit/Verilog_Source/RISCcpu.v:105:1: ... note: In file included from 'RISCcpu.v'
%Warning-COMBDLY: /home/gabcro/Code/Processor_CI/cores/single_cycle_RISCV_CPU_Design-32bit/Verilog_Source/ID.v:257:38: Non-blocking assignment '<=' in combinational logic process
                                                                                                                     : ... This will be executed as a blocking assignment '='!
  257 |                       maluandmem_ctr <= 2'b000;
      |                                      ^~
                  /home/gabcro/Code/Processor_CI/cores/single_cycle_RISCV_CPU_Design-32bit/Verilog_Source/RISCcpu.v:105:1: ... note: In file included from 'RISCcpu.v'
%Warning-COMBDLY: /home/gabcro/Code/Processor_CI/cores/single_cycle_RISCV_CPU_Design-32bit/Verilog_Source/ID.v:258:37: Non-blocking assignment '<=' in combinational logic process
                                                                                                                     : ... This will be executed as a blocking assignment '='!
  258 |                       mrs1andpc_ctr2<=0;
      |                                     ^~
                  /home/gabcro/Code/Processor_CI/cores/single_cycle_RISCV_CPU_Design-32bit/Verilog_Source/RISCcpu.v:105:1: ... note: In file included from 'RISCcpu.v'
%Warning-COMBDLY: /home/gabcro/Code/Processor_CI/cores/single_cycle_RISCV_CPU_Design-32bit/Verilog_Source/ID.v:260:28: Non-blocking assignment '<=' in combinational logic process
                                                                                                                     : ... This will be executed as a blocking assignment '='!
  260 |                       exop <= 3'b010;
      |                            ^~
                  /home/gabcro/Code/Processor_CI/cores/single_cycle_RISCV_CPU_Design-32bit/Verilog_Source/RISCcpu.v:105:1: ... note: In file included from 'RISCcpu.v'
%Warning-COMBDLY: /home/gabcro/Code/Processor_CI/cores/single_cycle_RISCV_CPU_Design-32bit/Verilog_Source/ID.v:263:41: Non-blocking assignment '<=' in combinational logic process
                                                                                                                     : ... This will be executed as a blocking assignment '='!
  263 |                               alu_ctr_o <= 6'b000000;
      |                                         ^~
                  /home/gabcro/Code/Processor_CI/cores/single_cycle_RISCV_CPU_Design-32bit/Verilog_Source/RISCcpu.v:105:1: ... note: In file included from 'RISCcpu.v'
%Warning-COMBDLY: /home/gabcro/Code/Processor_CI/cores/single_cycle_RISCV_CPU_Design-32bit/Verilog_Source/ID.v:268:40: Non-blocking assignment '<=' in combinational logic process
                                                                                                                     : ... This will be executed as a blocking assignment '='!
  268 |                              alu_ctr_o <= 6'b000000;  
      |                                        ^~
                  /home/gabcro/Code/Processor_CI/cores/single_cycle_RISCV_CPU_Design-32bit/Verilog_Source/RISCcpu.v:105:1: ... note: In file included from 'RISCcpu.v'
%Warning-COMBDLY: /home/gabcro/Code/Processor_CI/cores/single_cycle_RISCV_CPU_Design-32bit/Verilog_Source/ID.v:272:40: Non-blocking assignment '<=' in combinational logic process
                                                                                                                     : ... This will be executed as a blocking assignment '='!
  272 |                              alu_ctr_o <= 6'b000000;  
      |                                        ^~
                  /home/gabcro/Code/Processor_CI/cores/single_cycle_RISCV_CPU_Design-32bit/Verilog_Source/RISCcpu.v:105:1: ... note: In file included from 'RISCcpu.v'
%Warning-COMBDLY: /home/gabcro/Code/Processor_CI/cores/single_cycle_RISCV_CPU_Design-32bit/Verilog_Source/ID.v:278:33: Non-blocking assignment '<=' in combinational logic process
                                                                                                                     : ... This will be executed as a blocking assignment '='!
  278 |                       alu_ctr_o <= 6'b010001;  
      |                                 ^~
                  /home/gabcro/Code/Processor_CI/cores/single_cycle_RISCV_CPU_Design-32bit/Verilog_Source/RISCcpu.v:105:1: ... note: In file included from 'RISCcpu.v'
%Warning-COMBDLY: /home/gabcro/Code/Processor_CI/cores/single_cycle_RISCV_CPU_Design-32bit/Verilog_Source/ID.v:279:28: Non-blocking assignment '<=' in combinational logic process
                                                                                                                     : ... This will be executed as a blocking assignment '='!
  279 |                       exop <= 3'b011;
      |                            ^~
                  /home/gabcro/Code/Processor_CI/cores/single_cycle_RISCV_CPU_Design-32bit/Verilog_Source/RISCcpu.v:105:1: ... note: In file included from 'RISCcpu.v'
%Warning-COMBDLY: /home/gabcro/Code/Processor_CI/cores/single_cycle_RISCV_CPU_Design-32bit/Verilog_Source/ID.v:280:36: Non-blocking assignment '<=' in combinational logic process
                                                                                                                     : ... This will be executed as a blocking assignment '='!
  280 |                       mrs2andie_ctr<=2'b00;
      |                                    ^~
                  /home/gabcro/Code/Processor_CI/cores/single_cycle_RISCV_CPU_Design-32bit/Verilog_Source/RISCcpu.v:105:1: ... note: In file included from 'RISCcpu.v'
%Warning-COMBDLY: /home/gabcro/Code/Processor_CI/cores/single_cycle_RISCV_CPU_Design-32bit/Verilog_Source/ID.v:287:43: Non-blocking assignment '<=' in combinational logic process
                                                                                                                     : ... This will be executed as a blocking assignment '='!
  287 |                                 alu_ctr_o <= 6'b010101;
      |                                           ^~
                  /home/gabcro/Code/Processor_CI/cores/single_cycle_RISCV_CPU_Design-32bit/Verilog_Source/RISCcpu.v:105:1: ... note: In file included from 'RISCcpu.v'
%Warning-COMBDLY: /home/gabcro/Code/Processor_CI/cores/single_cycle_RISCV_CPU_Design-32bit/Verilog_Source/ID.v:290:42: Non-blocking assignment '<=' in combinational logic process
                                                                                                                     : ... This will be executed as a blocking assignment '='!
  290 |                                 branch_o <= 2'b11;      
      |                                          ^~
                  /home/gabcro/Code/Processor_CI/cores/single_cycle_RISCV_CPU_Design-32bit/Verilog_Source/RISCcpu.v:105:1: ... note: In file included from 'RISCcpu.v'
%Warning-COMBDLY: /home/gabcro/Code/Processor_CI/cores/single_cycle_RISCV_CPU_Design-32bit/Verilog_Source/ID.v:291:43: Non-blocking assignment '<=' in combinational logic process
                                                                                                                     : ... This will be executed as a blocking assignment '='!
  291 |                                 alu_ctr_o <= 6'b010101;
      |                                           ^~
                  /home/gabcro/Code/Processor_CI/cores/single_cycle_RISCV_CPU_Design-32bit/Verilog_Source/RISCcpu.v:105:1: ... note: In file included from 'RISCcpu.v'
%Warning-COMBDLY: /home/gabcro/Code/Processor_CI/cores/single_cycle_RISCV_CPU_Design-32bit/Verilog_Source/ID.v:294:43: Non-blocking assignment '<=' in combinational logic process
                                                                                                                     : ... This will be executed as a blocking assignment '='!
  294 |                                 alu_ctr_o <= 6'b010110;
      |                                           ^~
                  /home/gabcro/Code/Processor_CI/cores/single_cycle_RISCV_CPU_Design-32bit/Verilog_Source/RISCcpu.v:105:1: ... note: In file included from 'RISCcpu.v'
%Warning-COMBDLY: /home/gabcro/Code/Processor_CI/cores/single_cycle_RISCV_CPU_Design-32bit/Verilog_Source/ID.v:295:42: Non-blocking assignment '<=' in combinational logic process
                                                                                                                     : ... This will be executed as a blocking assignment '='!
  295 |                                 branch_o <= 2'b11;      
      |                                          ^~
                  /home/gabcro/Code/Processor_CI/cores/single_cycle_RISCV_CPU_Design-32bit/Verilog_Source/RISCcpu.v:105:1: ... note: In file included from 'RISCcpu.v'
%Warning-COMBDLY: /home/gabcro/Code/Processor_CI/cores/single_cycle_RISCV_CPU_Design-32bit/Verilog_Source/ID.v:298:43: Non-blocking assignment '<=' in combinational logic process
                                                                                                                     : ... This will be executed as a blocking assignment '='!
  298 |                                 alu_ctr_o <= 6'b010110;
      |                                           ^~
                  /home/gabcro/Code/Processor_CI/cores/single_cycle_RISCV_CPU_Design-32bit/Verilog_Source/RISCcpu.v:105:1: ... note: In file included from 'RISCcpu.v'
%Warning-COMBDLY: /home/gabcro/Code/Processor_CI/cores/single_cycle_RISCV_CPU_Design-32bit/Verilog_Source/ID.v:299:42: Non-blocking assignment '<=' in combinational logic process
                                                                                                                     : ... This will be executed as a blocking assignment '='!
  299 |                                 branch_o <= 2'b11;
      |                                          ^~
                  /home/gabcro/Code/Processor_CI/cores/single_cycle_RISCV_CPU_Design-32bit/Verilog_Source/RISCcpu.v:105:1: ... note: In file included from 'RISCcpu.v'
%Warning-COMBDLY: /home/gabcro/Code/Processor_CI/cores/single_cycle_RISCV_CPU_Design-32bit/Verilog_Source/ID.v:302:42: Non-blocking assignment '<=' in combinational logic process
                                                                                                                     : ... This will be executed as a blocking assignment '='!
  302 |                                 branch_o <= 2'b10;
      |                                          ^~
                  /home/gabcro/Code/Processor_CI/cores/single_cycle_RISCV_CPU_Design-32bit/Verilog_Source/RISCcpu.v:105:1: ... note: In file included from 'RISCcpu.v'
%Warning-COMBDLY: /home/gabcro/Code/Processor_CI/cores/single_cycle_RISCV_CPU_Design-32bit/Verilog_Source/ID.v:307:30: Non-blocking assignment '<=' in combinational logic process
                                                                                                                     : ... This will be executed as a blocking assignment '='!
  307 |                         exop <= 3'b100;      
      |                              ^~
                  /home/gabcro/Code/Processor_CI/cores/single_cycle_RISCV_CPU_Design-32bit/Verilog_Source/RISCcpu.v:105:1: ... note: In file included from 'RISCcpu.v'
%Warning-COMBDLY: /home/gabcro/Code/Processor_CI/cores/single_cycle_RISCV_CPU_Design-32bit/Verilog_Source/ID.v:308:39: Non-blocking assignment '<=' in combinational logic process
                                                                                                                     : ... This will be executed as a blocking assignment '='!
  308 |                         mrs2andie_ctr <= 2'b01;  
      |                                       ^~
                  /home/gabcro/Code/Processor_CI/cores/single_cycle_RISCV_CPU_Design-32bit/Verilog_Source/RISCcpu.v:105:1: ... note: In file included from 'RISCcpu.v'
%Warning-COMBDLY: /home/gabcro/Code/Processor_CI/cores/single_cycle_RISCV_CPU_Design-32bit/Verilog_Source/ID.v:309:39: Non-blocking assignment '<=' in combinational logic process
                                                                                                                     : ... This will be executed as a blocking assignment '='!
  309 |                         mrs1andpc_ctr <= 1;      
      |                                       ^~
                  /home/gabcro/Code/Processor_CI/cores/single_cycle_RISCV_CPU_Design-32bit/Verilog_Source/RISCcpu.v:105:1: ... note: In file included from 'RISCcpu.v'
%Warning-COMBDLY: /home/gabcro/Code/Processor_CI/cores/single_cycle_RISCV_CPU_Design-32bit/Verilog_Source/ID.v:316:38: Non-blocking assignment '<=' in combinational logic process
                                                                                                                     : ... This will be executed as a blocking assignment '='!
  316 |                                  exop<=3'b000;
      |                                      ^~
                  /home/gabcro/Code/Processor_CI/cores/single_cycle_RISCV_CPU_Design-32bit/Verilog_Source/RISCcpu.v:105:1: ... note: In file included from 'RISCcpu.v'
%Warning-COMBDLY: /home/gabcro/Code/Processor_CI/cores/single_cycle_RISCV_CPU_Design-32bit/Verilog_Source/ID.v:317:48: Non-blocking assignment '<=' in combinational logic process
                                                                                                                     : ... This will be executed as a blocking assignment '='!
  317 |                                  mrs1andpc_ctr <= 1;
      |                                                ^~
                  /home/gabcro/Code/Processor_CI/cores/single_cycle_RISCV_CPU_Design-32bit/Verilog_Source/RISCcpu.v:105:1: ... note: In file included from 'RISCcpu.v'
%Warning-COMBDLY: /home/gabcro/Code/Processor_CI/cores/single_cycle_RISCV_CPU_Design-32bit/Verilog_Source/ID.v:318:48: Non-blocking assignment '<=' in combinational logic process
                                                                                                                     : ... This will be executed as a blocking assignment '='!
  318 |                                  mrs2andie_ctr <= 2'b01;
      |                                                ^~
                  /home/gabcro/Code/Processor_CI/cores/single_cycle_RISCV_CPU_Design-32bit/Verilog_Source/RISCcpu.v:105:1: ... note: In file included from 'RISCcpu.v'
%Warning-COMBDLY: /home/gabcro/Code/Processor_CI/cores/single_cycle_RISCV_CPU_Design-32bit/Verilog_Source/ID.v:319:48: Non-blocking assignment '<=' in combinational logic process
                                                                                                                     : ... This will be executed as a blocking assignment '='!
  319 |                                  mrs1andpc_ctr2<=1;
      |                                                ^~
                  /home/gabcro/Code/Processor_CI/cores/single_cycle_RISCV_CPU_Design-32bit/Verilog_Source/RISCcpu.v:105:1: ... note: In file included from 'RISCcpu.v'
%Warning-COMBDLY: /home/gabcro/Code/Processor_CI/cores/single_cycle_RISCV_CPU_Design-32bit/Verilog_Source/ID.v:325:31: Non-blocking assignment '<=' in combinational logic process
                                                                                                                     : ... This will be executed as a blocking assignment '='!
  325 |                          exop <= 3'b001;
      |                               ^~
                  /home/gabcro/Code/Processor_CI/cores/single_cycle_RISCV_CPU_Design-32bit/Verilog_Source/RISCcpu.v:105:1: ... note: In file included from 'RISCcpu.v'
%Warning-COMBDLY: /home/gabcro/Code/Processor_CI/cores/single_cycle_RISCV_CPU_Design-32bit/Verilog_Source/ID.v:326:36: Non-blocking assignment '<=' in combinational logic process
                                                                                                                     : ... This will be executed as a blocking assignment '='!
  326 |                          alu_ctr_o <= 6'b010111; 
      |                                    ^~
                  /home/gabcro/Code/Processor_CI/cores/single_cycle_RISCV_CPU_Design-32bit/Verilog_Source/RISCcpu.v:105:1: ... note: In file included from 'RISCcpu.v'
%Warning-COMBDLY: /home/gabcro/Code/Processor_CI/cores/single_cycle_RISCV_CPU_Design-32bit/Verilog_Source/ID.v:327:39: Non-blocking assignment '<=' in combinational logic process
                                                                                                                     : ... This will be executed as a blocking assignment '='!
  327 |                          mrs2andie_ctr<=2'b10;
      |                                       ^~
                  /home/gabcro/Code/Processor_CI/cores/single_cycle_RISCV_CPU_Design-32bit/Verilog_Source/RISCcpu.v:105:1: ... note: In file included from 'RISCcpu.v'
%Warning-COMBDLY: /home/gabcro/Code/Processor_CI/cores/single_cycle_RISCV_CPU_Design-32bit/Verilog_Source/ID.v:328:32: Non-blocking assignment '<=' in combinational logic process
                                                                                                                     : ... This will be executed as a blocking assignment '='!
  328 |                          isWreg<=1'b1;
      |                                ^~
                  /home/gabcro/Code/Processor_CI/cores/single_cycle_RISCV_CPU_Design-32bit/Verilog_Source/RISCcpu.v:105:1: ... note: In file included from 'RISCcpu.v'
%Warning-COMBDLY: /home/gabcro/Code/Processor_CI/cores/single_cycle_RISCV_CPU_Design-32bit/Verilog_Source/ID.v:57:20: Non-blocking assignment '<=' in combinational logic process
                                                                                                                    : ... This will be executed as a blocking assignment '='!
   57 |               Wadd <= 0;
      |                    ^~
                  /home/gabcro/Code/Processor_CI/cores/single_cycle_RISCV_CPU_Design-32bit/Verilog_Source/RISCcpu.v:105:1: ... note: In file included from 'RISCcpu.v'
%Warning-COMBDLY: /home/gabcro/Code/Processor_CI/cores/single_cycle_RISCV_CPU_Design-32bit/Verilog_Source/ID.v:58:21: Non-blocking assignment '<=' in combinational logic process
                                                                                                                    : ... This will be executed as a blocking assignment '='!
   58 |               Radd1 <= 0;
      |                     ^~
                  /home/gabcro/Code/Processor_CI/cores/single_cycle_RISCV_CPU_Design-32bit/Verilog_Source/RISCcpu.v:105:1: ... note: In file included from 'RISCcpu.v'
%Warning-COMBDLY: /home/gabcro/Code/Processor_CI/cores/single_cycle_RISCV_CPU_Design-32bit/Verilog_Source/ID.v:59:21: Non-blocking assignment '<=' in combinational logic process
                                                                                                                    : ... This will be executed as a blocking assignment '='!
   59 |               Radd2 <= 0;
      |                     ^~
                  /home/gabcro/Code/Processor_CI/cores/single_cycle_RISCV_CPU_Design-32bit/Verilog_Source/RISCcpu.v:105:1: ... note: In file included from 'RISCcpu.v'
%Warning-COMBDLY: /home/gabcro/Code/Processor_CI/cores/single_cycle_RISCV_CPU_Design-32bit/Verilog_Source/instMem.v:78:21: Non-blocking assignment '<=' in combinational logic process
                                                                                                                         : ... This will be executed as a blocking assignment '='!
   78 |             instruct<=instMem_text[address[9:2]];
      |                     ^~
                  /home/gabcro/Code/Processor_CI/cores/single_cycle_RISCV_CPU_Design-32bit/Verilog_Source/RISCcpu.v:96:1: ... note: In file included from 'RISCcpu.v'
%Warning-COMBDLY: /home/gabcro/Code/Processor_CI/cores/single_cycle_RISCV_CPU_Design-32bit/Verilog_Source/pcAdder.v:36:19: Non-blocking assignment '<=' in combinational logic process
                                                                                                                         : ... This will be executed as a blocking assignment '='!
   36 |             nextPc<=nowPc+imm;
      |                   ^~
                  /home/gabcro/Code/Processor_CI/cores/single_cycle_RISCV_CPU_Design-32bit/Verilog_Source/RISCcpu.v:85:1: ... note: In file included from 'RISCcpu.v'
%Warning-UNOPTFLAT: /home/gabcro/Code/Processor_CI/cores/single_cycle_RISCV_CPU_Design-32bit/Verilog_Source/dataMem.v:32:16: Signal unoptimizable: Circular combinational logic: 'processorci_top.Processor.dataMem0.mem'
   32 |     reg [31:0] mem[0:255];
      |                ^~~
                    /home/gabcro/Code/Processor_CI/cores/single_cycle_RISCV_CPU_Design-32bit/Verilog_Source/RISCcpu.v:216:1: ... note: In file included from 'RISCcpu.v'
                    ... For warning description see https://verilator.org/warn/UNOPTFLAT?v=5.050
                    ... Use "/* verilator lint_off UNOPTFLAT */" and lint_on around source to disable this message.
                    /home/gabcro/Code/Processor_CI/cores/single_cycle_RISCV_CPU_Design-32bit/Verilog_Source/dataMem.v:32:16:      Example path: processorci_top.Processor.dataMem0.mem
                    /home/gabcro/Code/Processor_CI/cores/single_cycle_RISCV_CPU_Design-32bit/Verilog_Source/dataMem.v:38:5:      Example path: ALWAYS
                    /home/gabcro/Code/Processor_CI/cores/single_cycle_RISCV_CPU_Design-32bit/Verilog_Source/dataMem.v:32:16:      Example path: processorci_top.Processor.dataMem0.mem
- V e r i l a t i o n   R e p o r t: Verilator 5.050 2026-07-01 rev v5.050
- Verilator: Built from 0.200 MB sources in 19 modules, into 0.283 MB in 10 C++ files needing 0.000 MB
- Verilator: Walltime 0.034 s (elab=0.003, cvt=0.014, bld=0.000); cpu 0.029 s on 1 threads; allocated 21.676 MB
make -C sim_build/single_cycle_RISCV_CPU_Design-32bit  -f Vtop.mk
make[2]: Entering directory '/home/gabcro/Code/Processor_CI/processor_ci_inspector/sim_build/single_cycle_RISCV_CPU_Design-32bit'
g++  -I.  -MMD -I/usr/share/verilator/include -I/usr/share/verilator/include/vltstd -DVERILATOR=1 -DVM_COVERAGE=0 -DVM_SC=0 -DVM_TIMING=0 -DVM_TRACE=1 -DVM_TRACE_FST=0 -DVM_TRACE_VCD=1 -DVM_TRACE_SAIF=0 -DVM_VPI=1 -faligned-new -fcf-protection=none -Wno-bool-operation -Wno-int-in-bool-context -Wno-shadow -Wno-sign-compare -Wno-subobject-linkage -Wno-tautological-compare -Wno-uninitialized -Wno-unused-but-set-parameter -Wno-unused-but-set-variable -Wno-unused-parameter -Wno-unused-variable      -Os  -c -o verilator.o /home/gabcro/Code/Processor_CI/processor_ci_inspector/env/lib/python3.13/site-packages/cocotb/share/lib/verilator/verilator.cpp
g++ -Os  -I.  -MMD -I/usr/share/verilator/include -I/usr/share/verilator/include/vltstd -DVERILATOR=1 -DVM_COVERAGE=0 -DVM_SC=0 -DVM_TIMING=0 -DVM_TRACE=1 -DVM_TRACE_FST=0 -DVM_TRACE_VCD=1 -DVM_TRACE_SAIF=0 -DVM_VPI=1 -faligned-new -fcf-protection=none -Wno-bool-operation -Wno-int-in-bool-context -Wno-shadow -Wno-sign-compare -Wno-subobject-linkage -Wno-tautological-compare -Wno-uninitialized -Wno-unused-but-set-parameter -Wno-unused-but-set-variable -Wno-unused-parameter -Wno-unused-variable      -c -o verilated.o /usr/share/verilator/include/verilated.cpp
g++ -Os  -I.  -MMD -I/usr/share/verilator/include -I/usr/share/verilator/include/vltstd -DVERILATOR=1 -DVM_COVERAGE=0 -DVM_SC=0 -DVM_TIMING=0 -DVM_TRACE=1 -DVM_TRACE_FST=0 -DVM_TRACE_VCD=1 -DVM_TRACE_SAIF=0 -DVM_VPI=1 -faligned-new -fcf-protection=none -Wno-bool-operation -Wno-int-in-bool-context -Wno-shadow -Wno-sign-compare -Wno-subobject-linkage -Wno-tautological-compare -Wno-uninitialized -Wno-unused-but-set-parameter -Wno-unused-but-set-variable -Wno-unused-parameter -Wno-unused-variable      -c -o verilated_dpi.o /usr/share/verilator/include/verilated_dpi.cpp
g++ -Os  -I.  -MMD -I/usr/share/verilator/include -I/usr/share/verilator/include/vltstd -DVERILATOR=1 -DVM_COVERAGE=0 -DVM_SC=0 -DVM_TIMING=0 -DVM_TRACE=1 -DVM_TRACE_FST=0 -DVM_TRACE_VCD=1 -DVM_TRACE_SAIF=0 -DVM_VPI=1 -faligned-new -fcf-protection=none -Wno-bool-operation -Wno-int-in-bool-context -Wno-shadow -Wno-sign-compare -Wno-subobject-linkage -Wno-tautological-compare -Wno-uninitialized -Wno-unused-but-set-parameter -Wno-unused-but-set-variable -Wno-unused-parameter -Wno-unused-variable      -c -o verilated_vpi.o /usr/share/verilator/include/verilated_vpi.cpp
g++ -Os  -I.  -MMD -I/usr/share/verilator/include -I/usr/share/verilator/include/vltstd -DVERILATOR=1 -DVM_COVERAGE=0 -DVM_SC=0 -DVM_TIMING=0 -DVM_TRACE=1 -DVM_TRACE_FST=0 -DVM_TRACE_VCD=1 -DVM_TRACE_SAIF=0 -DVM_VPI=1 -faligned-new -fcf-protection=none -Wno-bool-operation -Wno-int-in-bool-context -Wno-shadow -Wno-sign-compare -Wno-subobject-linkage -Wno-tautological-compare -Wno-uninitialized -Wno-unused-but-set-parameter -Wno-unused-but-set-variable -Wno-unused-parameter -Wno-unused-variable      -c -o verilated_vcd_c.o /usr/share/verilator/include/verilated_vcd_c.cpp
g++ -Os  -I.  -MMD -I/usr/share/verilator/include -I/usr/share/verilator/include/vltstd -DVERILATOR=1 -DVM_COVERAGE=0 -DVM_SC=0 -DVM_TIMING=0 -DVM_TRACE=1 -DVM_TRACE_FST=0 -DVM_TRACE_VCD=1 -DVM_TRACE_SAIF=0 -DVM_VPI=1 -faligned-new -fcf-protection=none -Wno-bool-operation -Wno-int-in-bool-context -Wno-shadow -Wno-sign-compare -Wno-subobject-linkage -Wno-tautological-compare -Wno-uninitialized -Wno-unused-but-set-parameter -Wno-unused-but-set-variable -Wno-unused-parameter -Wno-unused-variable      -c -o verilated_threads.o /usr/share/verilator/include/verilated_threads.cpp
python3 /usr/share/verilator/bin/verilator_includer -DVL_INCLUDE_OPT=include Vtop.cpp Vtop___024root__0.cpp Vtop__Dpi.cpp Vtop__Trace__0.cpp Vtop__ConstPool__0__Slow.cpp Vtop___024root__Slow.cpp Vtop___024root__0__Slow.cpp Vtop__Syms__Slow.cpp Vtop__Trace__0__Slow.cpp Vtop__TraceDecls__0__Slow.cpp > Vtop__ALL.cpp
g++ -Os  -I.  -MMD -I/usr/share/verilator/include -I/usr/share/verilator/include/vltstd -DVERILATOR=1 -DVM_COVERAGE=0 -DVM_SC=0 -DVM_TIMING=0 -DVM_TRACE=1 -DVM_TRACE_FST=0 -DVM_TRACE_VCD=1 -DVM_TRACE_SAIF=0 -DVM_VPI=1 -faligned-new -fcf-protection=none -Wno-bool-operation -Wno-int-in-bool-context -Wno-shadow -Wno-sign-compare -Wno-subobject-linkage -Wno-tautological-compare -Wno-uninitialized -Wno-unused-but-set-parameter -Wno-unused-but-set-variable -Wno-unused-parameter -Wno-unused-variable      -c -o Vtop__ALL.o Vtop__ALL.cpp
g++    -rdynamic verilator.o verilated.o verilated_dpi.o verilated_vpi.o verilated_vcd_c.o verilated_threads.o Vtop__ALL.a   -Wl,-rpath,/home/gabcro/Code/Processor_CI/processor_ci_inspector/env/lib/python3.13/site-packages/cocotb/libs -L/home/gabcro/Code/Processor_CI/processor_ci_inspector/env/lib/python3.13/site-packages/cocotb/libs -lcocotbvpi_verilator  -pthread -lpthread -latomic -ldl   -o Vtop
rm Vtop__ALL.verilator_deplist.tmp
make[2]: Leaving directory '/home/gabcro/Code/Processor_CI/processor_ci_inspector/sim_build/single_cycle_RISCV_CPU_Design-32bit'
/home/gabcro/Code/Processor_CI/processor_ci_inspector/env/lib/python3.13/site-packages/cocotb_tools/makefiles/simulators/Makefile.verilator:69: Using MODULE is deprecated, please use COCOTB_TEST_MODULES instead.
rm -f results.xml
COCOTB_TEST_MODULES=cocotb_labeler COCOTB_TESTCASE= COCOTB_TEST_FILTER= COCOTB_TOPLEVEL=processorci_top TOPLEVEL_LANG=verilog \
         sim_build/single_cycle_RISCV_CPU_Design-32bit/Vtop     
     -.--ns INFO     gpi                                ..mbed/gpi_embed.cpp:93   in _embed_init_python              Using Python 3.13.0rc1 interpreter at /home/gabcro/Code/Processor_CI/processor_ci_inspector/env/bin/python
     -.--ns INFO     gpi                                ../gpi/GpiCommon.cpp:79   in gpi_print_registered_impl       VPI registered
     0.00ns INFO     cocotb                             Running on Verilator version 5.050 2026-07-01
     0.00ns INFO     cocotb                             Seeding Python random module with 1785389796
     0.00ns INFO     cocotb                             Initialized cocotb v2.0.1 from /home/gabcro/Code/Processor_CI/processor_ci_inspector/env/lib/python3.13/site-packages/cocotb
     0.00ns INFO     cocotb.regression                  pytest not found, install it to enable better AssertionError messages
     0.00ns INFO     cocotb                             Running tests
     0.00ns INFO     cocotb.regression                  running cocotb_labeler.processor_test (1/1)
                                                            Test function for the processor.

            ####################################################
            #Looking for the register file - regfile_finder.py #
            ####################################################
          
     0.00ns INFO     cocotb.processorci_top             Static register-file checkpoint: processorci_top.Processor.regFile0.regF kind=array_of_words depth=32 word_width=32 score=103
  1040.00ns INFO     cocotb.processorci_top             - Static Register File Array Candidates Found:
  1040.00ns INFO     cocotb.processorci_top               1: processorci_top.Processor.regFile0.regF kind=array_of_words depth=32 word_width=32 score=103 visibility=visible
  1040.00ns INFO     cocotb.processorci_top                  reasons: unpacked/indexable array, 32 entries, XLEN-sized words (32), name hint(s): regfile
  1040.00ns INFO     cocotb.processorci_top                  visibility: path resolvable: processorci_top.Processor.regFile0.regF, index 0: value readable, index 1: value readable, index 2: value readable, index 3: value readable
  1040.00ns INFO     cocotb.processorci_top             
  1040.00ns INFO     cocotb.processorci_top             Visibility summary: {'visible': 1, 'invisible': 0, 'partial': 0, 'total': 1}
  1040.00ns INFO     cocotb.processorci_top             Dynamic regfile write program reached loop at cycle 11
  1040.00ns INFO     cocotb.processorci_top             Skipping register file interface detection via Ollama.
  1040.00ns INFO     cocotb.processorci_top             Processor name: /home/gabcro/Code/Processor_CI/cores_utils/single_cycle_RISCV_CPU_Design-32bit
  1040.00ns INFO     cocotb.processorci_top             Register file candidates: ['processorci_top.Processor.regFile0.regF']
  1040.00ns INFO     cocotb.processorci_top             Using register file: processorci_top.Processor.regFile0.regF
  1040.00ns INFO     cocotb.processorci_top             Resolved register file: ArrayObject(processorci_top.Processor.regFile0.regF)
  1050.00ns INFO     cocotb.processorci_top             [mem_driver cycle 1] cyc=0 stb=0 addr=0x00000000 data=0x00000013
  1060.00ns INFO     cocotb.processorci_top             [mem_driver cycle 2] cyc=0 stb=0 addr=0x00000000 data=0x00000013
  1070.00ns INFO     cocotb.processorci_top             [mem_driver cycle 3] cyc=0 stb=0 addr=0x00000000 data=0x00000013
  1080.00ns INFO     cocotb.processorci_top             [mem_driver cycle 4] cyc=0 stb=0 addr=0x00000000 data=0x00000013
  1090.00ns INFO     cocotb.processorci_top             [mem_driver cycle 5] cyc=0 stb=0 addr=0x00000000 data=0x00000013
  1100.00ns INFO     cocotb.processorci_top             [mem_driver cycle 6] cyc=0 stb=0 addr=0x00000000 data=0x00000013
  1110.00ns INFO     cocotb.processorci_top             [mem_driver cycle 7] cyc=0 stb=0 addr=0x00000000 data=0x00000013
  1120.00ns INFO     cocotb.processorci_top             [mem_driver cycle 8] cyc=0 stb=0 addr=0x00000000 data=0x00000013
  1130.00ns INFO     cocotb.processorci_top             [mem_driver cycle 9] cyc=0 stb=0 addr=0x00000000 data=0x00000013
  1140.00ns INFO     cocotb.processorci_top             [mem_driver cycle 10] cyc=0 stb=0 addr=0x00000000 data=0x00000013
  1150.00ns INFO     cocotb.processorci_top             [mem_driver cycle 11] cyc=0 stb=0 addr=0x00000000 data=0x00000013
  1160.00ns INFO     cocotb.processorci_top             [mem_driver cycle 12] cyc=0 stb=0 addr=0x00000000 data=0x00000013
  1170.00ns INFO     cocotb.processorci_top             [mem_driver cycle 13] cyc=0 stb=0 addr=0x00000000 data=0x00000013
  1180.00ns INFO     cocotb.processorci_top             [mem_driver cycle 14] cyc=0 stb=0 addr=0x00000000 data=0x00000013
  1190.00ns INFO     cocotb.processorci_top             [mem_driver cycle 15] cyc=0 stb=0 addr=0x00000000 data=0x00000013
  1200.00ns INFO     cocotb.processorci_top             [mem_driver cycle 16] cyc=0 stb=0 addr=0x00000000 data=0x00000013
  1210.00ns INFO     cocotb.processorci_top             [mem_driver cycle 17] cyc=0 stb=0 addr=0x00000000 data=0x00000013
  1220.00ns INFO     cocotb.processorci_top             [mem_driver cycle 18] cyc=0 stb=0 addr=0x00000000 data=0x00000013
  1230.00ns INFO     cocotb.processorci_top             [mem_driver cycle 19] cyc=0 stb=0 addr=0x00000000 data=0x00000013
  1240.00ns INFO     cocotb.processorci_top             [mem_driver cycle 20] cyc=0 stb=0 addr=0x00000000 data=0x00000013
  1550.00ns INFO     cocotb.processorci_top             Measuring execution model from architectural commit cadence...
  1550.00ns INFO     cocotb.processorci_top             [measure] Current regfile finder did not provide a complete real write interface; using register-file observation instead of legacy cached interface
  1550.00ns INFO     cocotb.processorci_top             [measure] Observing signature commits through register-file value changes
  1730.00ns INFO     cocotb.processorci_top             [measure] Observed commit addi x5, x0, 0x135 at cycle 17: x5 = 0x00000135
  1740.00ns INFO     cocotb.processorci_top             [measure] Observed commit addi x6, x0, 0x246 at cycle 18: x6 = 0x00000246
  1750.00ns INFO     cocotb.processorci_top             [measure] Observed commit addi x7, x0, 0x357 at cycle 19: x7 = 0x00000357
  1760.00ns INFO     cocotb.processorci_top             [measure] Observed commit addi x8, x0, 0x468 at cycle 20: x8 = 0x00000468
  1770.00ns INFO     cocotb.processorci_top             [measure] Observed commit addi x9, x0, 0x579 at cycle 21: x9 = 0x00000579
  1780.00ns INFO     cocotb.processorci_top             [measure] Observed commit addi x10, x0, 0x68a at cycle 22: x10 = 0x0000068a
  1780.00ns INFO     cocotb.processorci_top             [measure] Fetch intervals: [1, 1, 1, 1, 1]
  1780.00ns INFO     cocotb.processorci_top             [measure] Commit intervals: [1, 1, 1, 1, 1]
  1780.00ns INFO     cocotb.processorci_top             [measure] Fetch-to-commit latencies: [1, 1, 1, 1, 1, 1]
  1780.00ns INFO     cocotb.processorci_top             [measure] Classification: {'single_cycle': False, 'multicycle': False, 'pipeline': {'depth_estimate': 2, 'depth_estimate_source': 'regfile_observation'}, 'confidence': 0.78}
  1780.00ns INFO     cocotb.processorci_top             Datapath results saved to /home/gabcro/Code/Processor_CI/cores_utils/single_cycle_RISCV_CPU_Design-32bit/single_cycle_RISCV_CPU_Design-32bit_labels.json
  1780.00ns INFO     cocotb.processorci_top             [forwarding] Running isolated forwarding probes...
  1780.00ns INFO     cocotb.processorci_top             [measure] Current regfile finder did not provide a complete real write interface; using register-file observation instead of legacy cached interface
  1780.00ns INFO     cocotb.processorci_top             [pipeline_finder] Starting bounded signal discovery
  1780.00ns INFO     cocotb.processorci_top             [pipeline_finder] Discovery complete: scopes=14 objects=127 truncated=True
 10620.00ns INFO     cocotb.processorci_top             [forwarding] Handshake calibration complete: supported=False recovery=False trials=1
 10620.00ns INFO     cocotb.processorci_top             [forwarding] Architectural calibration variants complete
 10620.00ns INFO     cocotb.processorci_top             [forwarding] Behavioral signal census complete: before={'pc': 50, 'instruction': 50, 'valid': 23, 'stall': 23, 'flush': 23, 'source_id': 14, 'destination_id': 14, 'operand': 50, 'store_data': 50, 'wb_data': 50, 'wb_enable': 23, 'packed_parent': 22} after={'pc': 17, 'instruction': 16, 'valid': 14, 'stall': 14, 'flush': 17, 'source_id': 10, 'destination_id': 10, 'operand': 31, 'store_data': 30, 'wb_data': 30, 'wb_enable': 14, 'packed_parent': 18}
 14880.00ns INFO     cocotb.processorci_top             [forwarding] Initial adjacent discovery trials complete for alu_to_alu
 19320.00ns INFO     cocotb.processorci_top             [forwarding] Initial adjacent discovery trials complete for alu_to_store_data
 23760.00ns INFO     cocotb.processorci_top             [forwarding] Initial adjacent discovery trials complete for alu_to_store_address
 44700.00ns INFO     cocotb.processorci_top             [forwarding] Initial adjacent discovery trials complete for load_to_alu
 65760.00ns INFO     cocotb.processorci_top             [forwarding] Initial adjacent discovery trials complete for load_to_store_data
 86820.00ns INFO     cocotb.processorci_top             [forwarding] Initial adjacent discovery trials complete for load_to_store_address
163020.00ns INFO     cocotb.processorci_top             [forwarding] Focused adjacent rescan complete for ['alu_to_alu', 'alu_to_store_address', 'alu_to_store_data', 'load_to_alu', 'load_to_store_address', 'load_to_store_data']
167640.00ns INFO     cocotb.processorci_top             [forwarding] Paired trials complete for alu_to_alu
172440.00ns INFO     cocotb.processorci_top             [forwarding] Paired trials complete for alu_to_store_data
177240.00ns INFO     cocotb.processorci_top             [forwarding] Paired trials complete for alu_to_store_address
198420.00ns INFO     cocotb.processorci_top             [forwarding] Paired trials complete for load_to_alu
219720.00ns INFO     cocotb.processorci_top             [forwarding] Paired trials complete for load_to_store_data
241020.00ns INFO     cocotb.processorci_top             [forwarding] Paired trials complete for load_to_store_address
318120.00ns INFO     cocotb.processorci_top             [forwarding] Independent gap 1 complete; active paths=['alu_to_alu', 'alu_to_store_address', 'alu_to_store_data', 'load_to_alu', 'load_to_store_address', 'load_to_store_data']
396120.00ns INFO     cocotb.processorci_top             [forwarding] Independent gap 2 complete; active paths=['alu_to_alu', 'alu_to_store_address', 'alu_to_store_data']
410880.00ns INFO     cocotb.processorci_top             [forwarding] Independent gap 3 complete; active paths=['alu_to_alu', 'alu_to_store_address', 'alu_to_store_data']
411530.00ns INFO     cocotb.processorci_top             [forwarding] probe results: {'execution': None, 'focused_rescan': None, 'alu_to_alu': 'inconclusive', 'alu_to_store_data': 'inconclusive', 'alu_to_store_address': 'inconclusive', 'load_to_alu': 'inconclusive', 'load_to_store_data': 'inconclusive', 'load_to_store_address': 'inconclusive'}
411530.00ns INFO     cocotb.processorci_top             [branch_prediction] Running branch-prediction probes...
411530.00ns INFO     cocotb.processorci_top             [measure] Current regfile finder did not provide a complete real write interface; using register-file observation instead of legacy cached interface
412420.00ns WARNING  cocotb.processorci_top             [branch_prediction] probe=branch_resolution_taken invalid reason=dependency_memory_interface_unavailable complete=True fetches=6 coverage=1.000
413310.00ns WARNING  cocotb.processorci_top             [branch_prediction] probe=branch_resolution_not_taken invalid reason=dependency_memory_interface_unavailable complete=True fetches=6 coverage=1.000
513250.00ns WARNING  cocotb.processorci_top             [branch_prediction] probe=local_history invalid reason=probe_timeout complete=False fetches=2176 coverage=0.000
574020.00ns WARNING  cocotb.processorci_top             [branch_prediction] probe=local_alternating invalid reason=probe_timeout complete=False fetches=1511 coverage=0.927
656020.00ns WARNING  cocotb.processorci_top             [branch_prediction] probe=global_history invalid reason=probe_timeout complete=False fetches=2040 coverage=0.000
765960.00ns WARNING  cocotb.processorci_top             [branch_prediction] probe=path_history invalid reason=probe_timeout complete=False fetches=2720 coverage=0.000
874980.00ns WARNING  cocotb.processorci_top             [branch_prediction] probe=combined_history invalid reason=probe_timeout complete=False fetches=2703 coverage=0.000
1018740.00ns WARNING  cocotb.processorci_top             [branch_prediction] probe=long_history invalid reason=probe_timeout complete=False fetches=3570 coverage=0.000
1040440.00ns WARNING  cocotb.processorci_top             [branch_prediction] probe=indirect_constant_target invalid reason=insufficient_occurrence_coverage complete=True fetches=6 coverage=0.031
1069500.00ns WARNING  cocotb.processorci_top             [branch_prediction] probe=indirect_alternating_target invalid reason=probe_timeout complete=False fetches=714 coverage=0.875
1070480.00ns WARNING  cocotb.processorci_top             [branch_prediction] probe=ras_standard_link invalid reason=architectural_completion_failed complete=False fetches=17 coverage=0.062
1071460.00ns WARNING  cocotb.processorci_top             [branch_prediction] probe=ras_nonstandard_link_control invalid reason=architectural_completion_failed complete=False fetches=17 coverage=0.062
1113030.00ns WARNING  cocotb.processorci_top             [branch_prediction] probe=timing_learnable invalid reason=probe_timeout complete=False fetches=1020 coverage=0.938
1154600.00ns WARNING  cocotb.processorci_top             [branch_prediction] probe=timing_learnable invalid reason=probe_timeout complete=False fetches=1020 coverage=0.938
1196170.00ns WARNING  cocotb.processorci_top             [branch_prediction] probe=timing_learnable invalid reason=probe_timeout complete=False fetches=1020 coverage=0.938
1237740.00ns WARNING  cocotb.processorci_top             [branch_prediction] probe=timing_shuffled_control invalid reason=probe_timeout complete=False fetches=1020 coverage=0.938
1279310.00ns WARNING  cocotb.processorci_top             [branch_prediction] probe=timing_shuffled_control invalid reason=probe_timeout complete=False fetches=1020 coverage=0.938
1320880.00ns WARNING  cocotb.processorci_top             [branch_prediction] probe=timing_shuffled_control invalid reason=probe_timeout complete=False fetches=1020 coverage=0.938
1333650.00ns WARNING  cocotb.processorci_top             [branch_prediction] probe=reset_retention_observe invalid reason=probe_timeout complete=False fetches=306 coverage=1.000
1346420.00ns WARNING  cocotb.processorci_top             [branch_prediction] probe=reset_retention_train invalid reason=probe_timeout complete=False fetches=306 coverage=1.000
1359190.00ns WARNING  cocotb.processorci_top             [branch_prediction] probe=reset_retention_observe invalid reason=probe_timeout complete=False fetches=306 coverage=1.000
1389360.00ns WARNING  cocotb.processorci_top             [branch_prediction] probe=two_pc_alias_spacing_64 invalid reason=probe_timeout complete=False fetches=734 coverage=0.000
1429930.00ns WARNING  cocotb.processorci_top             [branch_prediction] probe=two_pc_alias_spacing_128 invalid reason=probe_timeout complete=False fetches=993 coverage=0.000
1491300.00ns WARNING  cocotb.processorci_top             [branch_prediction] probe=two_pc_alias_spacing_256 invalid reason=probe_timeout complete=False fetches=1511 coverage=0.000
1594270.00ns WARNING  cocotb.processorci_top             [branch_prediction] probe=two_pc_alias_spacing_512 invalid reason=probe_timeout complete=False fetches=2533 coverage=0.000
1594270.00ns INFO     cocotb.processorci_top             [branch_prediction] status=inconclusive components=[]
1594270.00ns INFO     cocotb.processorci_top             Results saved to /home/gabcro/Code/Processor_CI/cores_utils/single_cycle_RISCV_CPU_Design-32bit/single_cycle_RISCV_CPU_Design-32bit_labels.json
1594270.00ns INFO     cocotb.regression                  cocotb_labeler.processor_test passed
1594270.00ns INFO     cocotb.regression                  ***************************************************************************************
                                                         ** TEST                           STATUS  SIM TIME (ns)  REAL TIME (s)  RATIO (ns/s) **
                                                         ***************************************************************************************
                                                         ** cocotb_labeler.processor_test   PASS     1594270.00          27.52      57929.77  **
                                                         ***************************************************************************************
                                                         ** TESTS=1 PASS=1 FAIL=0 SKIP=0             1594270.00          27.52      57927.89  **
                                                         ***************************************************************************************
- :0: Verilog $finish
make[1]: Leaving directory '/home/gabcro/Code/Processor_CI/processor_ci_inspector'
Identified language: Verilog
Results saved to /home/gabcro/Code/Processor_CI/cores_utils/single_cycle_RISCV_CPU_Design-32bit/single_cycle_RISCV_CPU_Design-32bit_labels.json
Verilog
Directory being passed to cocotb_makefile_creator: /home/gabcro/Code/Processor_CI/cores/single_cycle_RISCV_CPU_Design-32bit
Creating Makefile for single_cycle_RISCV_CPU_Design-32bit...
