Processing labeler on /home/gabcro/Code/Processor_CI/cores/soric_project...
rm -f results.xml
"make" -f /home/gabcro/Code/Processor_CI/cores_utils/soric_project/soric_project.mk results.xml
make[1]: Entering directory '/home/gabcro/Code/Processor_CI/processor_ci_inspector'
mkdir -p sim_build/soric_project
/usr/bin/verilator -cc --exe -Mdir sim_build/soric_project --top-module processorci_top --language 1800-2017 -DSIMULATION -Wno-fatal -Wno-lint --public-flat-rw --trace --trace-structs --trace-underscore -Wno-lint -Wno-TIMESCALEMOD --timing --timescale 1ns/1ps --vpi --public-flat-rw --prefix Vtop -o Vtop -LDFLAGS "-Wl,-rpath,/home/gabcro/Code/Processor_CI/processor_ci_inspector/env/lib/python3.13/site-packages/cocotb/libs -L/home/gabcro/Code/Processor_CI/processor_ci_inspector/env/lib/python3.13/site-packages/cocotb/libs -lcocotbvpi_verilator" +incdir+/home/gabcro/Code/Processor_CI/cores/soric_project +incdir+/home/gabcro/Code/Processor_CI/cores/soric_project/verilog/rtl/mem +incdir+/home/gabcro/Code/Processor_CI/cores/soric_project/verilog/rtl/cores +incdir+/home/gabcro/Code/Processor_CI/cores/soric_project/verilog/rtl/soric  /home/gabcro/Code/Processor_CI/cores/soric_project/verilog/rtl/soric/soric_core.v /home/gabcro/Code/Processor_CI/cores/soric_project/verilog/rtl/mem/sky130_sram_2kbyte_1rw1r_32x512_8.v /home/gabcro/Code/Processor_CI/cores/soric_project/verilog/rtl/cores/flexbex_ibex_core.v /home/gabcro/Code/Processor_CI/cores/soric_project/verilog/rtl/cores/ibex_top.v /home/gabcro/Code/Processor_CI/RV-Bench/wrappers_golden/internal/ahblite_to_wishbone.sv /home/gabcro/Code/Processor_CI/RV-Bench/wrappers_golden/internal/axi4lite_to_wishbone.sv /home/gabcro/Code/Processor_CI/RV-Bench/wrappers_golden/internal/axi4_to_wishbone.sv /home/gabcro/Code/Processor_CI/RV-Bench/wrappers_golden/soric_project.sv /home/gabcro/Code/Processor_CI/processor_ci_inspector/env/lib/python3.13/site-packages/cocotb/share/lib/verilator/verilator.cpp
%Warning-MULTIDRIVEN: /home/gabcro/Code/Processor_CI/RV-Bench/wrappers_golden/soric_project.sv:263:9: Variable written to in always_ff also written by other process (IEEE 1800-2023 9.2.2.4): 'sim_program_loaded'
                                                                                                    : ... note: In instance 'processorci_top'
                      /home/gabcro/Code/Processor_CI/RV-Bench/wrappers_golden/soric_project.sv:263:9: 
  263 |         sim_program_loaded <= 1'b1;
      |         ^~~~~~~~~~~~~~~~~~
                      /home/gabcro/Code/Processor_CI/RV-Bench/wrappers_golden/soric_project.sv:254:5: ... Location of other write
  254 |     sim_program_loaded = 1'b0;
      |     ^~~~~~~~~~~~~~~~~~
                      ... For warning description see https://verilator.org/warn/MULTIDRIVEN?v=5.050
                      ... Use "/* verilator lint_off MULTIDRIVEN */" and lint_on around source to disable this message.
%Warning-MULTIDRIVEN: /home/gabcro/Code/Processor_CI/RV-Bench/wrappers_golden/soric_project.sv:148:14: Bit [0] of signal 'processorci_top._core_ack' have multiple combinational drivers. This can cause performance degradation.
                                                                                                     : ... note: In instance 'processorci_top'
                      /home/gabcro/Code/Processor_CI/RV-Bench/wrappers_golden/soric_project.sv:165:18: ... Location of offending driver
  165 | assign _core_ack = core_ack;
      |                  ^
                      /home/gabcro/Code/Processor_CI/RV-Bench/wrappers_golden/soric_project.sv:241:30: ... Location of offending driver
  241 |     .wbs_ack_o              (_core_ack),
      |                              ^~~~~~~~~
%Warning-UNOPTFLAT: /home/gabcro/Code/Processor_CI/cores/soric_project/verilog/rtl/soric/inter.v:53:58: Signal unoptimizable: Circular combinational logic: 'processorci_top.Processor.inter_i.master_data_req_i'
                                                                                                      : ... note: In instance 'processorci_top.Processor'
   53 |         input wire [ MASTERS                      - 1:0] master_data_req_i;
      |                                                          ^~~~~~~~~~~~~~~~~
                    /home/gabcro/Code/Processor_CI/cores/soric_project/verilog/rtl/soric/soric_core.v:381:1: ... note: In file included from 'soric_core.v'
                    ... For warning description see https://verilator.org/warn/UNOPTFLAT?v=5.050
                    ... Use "/* verilator lint_off UNOPTFLAT */" and lint_on around source to disable this message.
                    /home/gabcro/Code/Processor_CI/cores/soric_project/verilog/rtl/soric/inter.v:53:58:      Example path: processorci_top.Processor.inter_i.master_data_req_i
                    /home/gabcro/Code/Processor_CI/cores/soric_project/verilog/rtl/soric/inter.v:116:33:      Example path: ALWAYS
                    /home/gabcro/Code/Processor_CI/cores/soric_project/verilog/rtl/soric/inter.v:59:58:      Example path: processorci_top.Processor.inter_i.slave_data_addr_o
                    /home/gabcro/Code/Processor_CI/cores/soric_project/verilog/rtl/soric/inter.v:59:58:      Example path: ASSIGNW
                    /home/gabcro/Code/Processor_CI/cores/soric_project/verilog/rtl/soric/soric_core.v:89:48:      Example path: processorci_top.Processor.slave_data_addr_to_inter
                    /home/gabcro/Code/Processor_CI/cores/soric_project/verilog/rtl/soric/soric_core.v:276:36:      Example path: ASSIGNW
                    /home/gabcro/Code/Processor_CI/cores/soric_project/verilog/rtl/mem/sky130_sram_2kbyte_1rw1r_32x512_8.v:34:27:      Example path: processorci_top.Processor.sram_1_i.addr0
                    /home/gabcro/Code/Processor_CI/cores/soric_project/verilog/rtl/mem/sky130_sram_2kbyte_1rw1r_32x512_8.v:105:3:      Example path: ALWAYS
                    /home/gabcro/Code/Processor_CI/cores/soric_project/verilog/rtl/mem/sky130_sram_2kbyte_1rw1r_32x512_8.v:36:27:      Example path: processorci_top.Processor.sram_1_i.dout0
                    /home/gabcro/Code/Processor_CI/cores/soric_project/verilog/rtl/soric/soric_core.v:278:6:      Example path: ASSIGNW
                    /home/gabcro/Code/Processor_CI/cores/soric_project/verilog/rtl/soric/soric_core.v:93:48:      Example path: processorci_top.Processor.slave_data_rdata_to_inter
                    /home/gabcro/Code/Processor_CI/cores/soric_project/verilog/rtl/soric/inter.v:64:58:      Example path: ASSIGNW
                    /home/gabcro/Code/Processor_CI/cores/soric_project/verilog/rtl/soric/inter.v:64:58:      Example path: processorci_top.Processor.inter_i.slave_data_rdata_i
                    /home/gabcro/Code/Processor_CI/cores/soric_project/verilog/rtl/soric/inter.v:149:25:      Example path: ALWAYS
                    /home/gabcro/Code/Processor_CI/cores/soric_project/verilog/rtl/soric/inter.v:56:58:      Example path: processorci_top.Processor.inter_i.master_data_rvalid_o
                    /home/gabcro/Code/Processor_CI/cores/soric_project/verilog/rtl/soric/inter.v:56:58:      Example path: ASSIGNW
                    /home/gabcro/Code/Processor_CI/cores/soric_project/verilog/rtl/soric/soric_core.v:85:48:      Example path: processorci_top.Processor.master_data_rvalid_to_inter
                    /home/gabcro/Code/Processor_CI/cores/soric_project/verilog/rtl/cores/flexbex_ibex_core.v:89:13:      Example path: ASSIGNW
                    /home/gabcro/Code/Processor_CI/cores/soric_project/verilog/rtl/cores/flexbex_ibex_core.v:89:13:      Example path: processorci_top.Processor.ibex_core_2.data_rvalid_i
                    /home/gabcro/Code/Processor_CI/cores/soric_project/verilog/rtl/cores/flexbex_ibex_load_store_unit.v:55:13:      Example path: ASSIGNW
                    /home/gabcro/Code/Processor_CI/cores/soric_project/verilog/rtl/cores/flexbex_ibex_load_store_unit.v:55:13:      Example path: processorci_top.Processor.ibex_core_2.load_store_unit_i.data_rvalid_i
                    /home/gabcro/Code/Processor_CI/cores/soric_project/verilog/rtl/cores/flexbex_ibex_load_store_unit.v:239:2:      Example path: ASSIGNW
                    /home/gabcro/Code/Processor_CI/cores/soric_project/verilog/rtl/cores/flexbex_ibex_load_store_unit.v:239:2:      Example path: processorci_top.Processor.__VdfgRegularize_h6e95ff9d_0_5
                    /home/gabcro/Code/Processor_CI/cores/soric_project/verilog/rtl/cores/flexbex_ibex_load_store_unit.v:239:2:      Example path: ASSIGNW
                    /home/gabcro/Code/Processor_CI/cores/soric_project/verilog/rtl/cores/flexbex_ibex_load_store_unit.v:53:13:      Example path: processorci_top.Processor.ibex_core_2.load_store_unit_i.data_req_o
                    /home/gabcro/Code/Processor_CI/cores/soric_project/verilog/rtl/cores/flexbex_ibex_load_store_unit.v:53:13:      Example path: ASSIGNW
                    /home/gabcro/Code/Processor_CI/cores/soric_project/verilog/rtl/cores/flexbex_ibex_core.v:87:14:      Example path: processorci_top.Processor.ibex_core_2.data_req_o
                    /home/gabcro/Code/Processor_CI/cores/soric_project/verilog/rtl/soric/soric_core.v:124:6:      Example path: ASSIGNW
                    /home/gabcro/Code/Processor_CI/cores/soric_project/verilog/rtl/soric/soric_core.v:79:48:      Example path: processorci_top.Processor.master_data_req_to_inter
                    /home/gabcro/Code/Processor_CI/cores/soric_project/verilog/rtl/soric/inter.v:53:58:      Example path: ASSIGNW
                    /home/gabcro/Code/Processor_CI/cores/soric_project/verilog/rtl/soric/inter.v:53:58:      Example path: processorci_top.Processor.inter_i.master_data_req_i
%Warning-UNOPTFLAT: /home/gabcro/Code/Processor_CI/cores/soric_project/verilog/rtl/cores/flexbex_ibex_id_stage.v:232:7: Signal unoptimizable: Circular combinational logic: 'processorci_top.Processor.ibex_core_2.id_stage_i.data_req_id'
                                                                                                                      : ... note: In instance 'processorci_top.Processor'
  232 |  wire data_req_id;
      |       ^~~~~~~~~~~
                    /home/gabcro/Code/Processor_CI/cores/soric_project/verilog/rtl/cores/flexbex_ibex_core.v:250:1: ... note: In file included from 'flexbex_ibex_core.v'
                    /home/gabcro/Code/Processor_CI/cores/soric_project/verilog/rtl/cores/flexbex_ibex_id_stage.v:232:7:      Example path: processorci_top.Processor.ibex_core_2.id_stage_i.data_req_id
                    /home/gabcro/Code/Processor_CI/cores/soric_project/verilog/rtl/cores/flexbex_ibex_id_stage.v:433:2:      Example path: ALWAYS
                    /home/gabcro/Code/Processor_CI/cores/soric_project/verilog/rtl/cores/flexbex_ibex_id_stage.v:183:6:      Example path: processorci_top.Processor.ibex_core_2.id_stage_i.jump_set
                    /home/gabcro/Code/Processor_CI/cores/soric_project/verilog/rtl/cores/flexbex_ibex_controller.v:97:13:      Example path: ASSIGNW
                    /home/gabcro/Code/Processor_CI/cores/soric_project/verilog/rtl/cores/flexbex_ibex_controller.v:97:13:      Example path: processorci_top.Processor.ibex_core_2.id_stage_i.controller_i.jump_set_i
                    /home/gabcro/Code/Processor_CI/cores/soric_project/verilog/rtl/cores/flexbex_ibex_controller.v:134:2:      Example path: ALWAYS
                    /home/gabcro/Code/Processor_CI/cores/soric_project/verilog/rtl/cores/flexbex_ibex_controller.v:92:19:      Example path: processorci_top.Processor.ibex_core_2.id_stage_i.controller_i.pc_mux_o
                    /home/gabcro/Code/Processor_CI/cores/soric_project/verilog/rtl/cores/flexbex_ibex_controller.v:92:19:      Example path: ASSIGNW
                    /home/gabcro/Code/Processor_CI/cores/soric_project/verilog/rtl/cores/flexbex_ibex_id_stage.v:112:20:      Example path: processorci_top.Processor.ibex_core_2.id_stage_i.pc_mux_o
                    /home/gabcro/Code/Processor_CI/cores/soric_project/verilog/rtl/cores/flexbex_ibex_id_stage.v:112:20:      Example path: ASSIGNW
                    /home/gabcro/Code/Processor_CI/cores/soric_project/verilog/rtl/cores/flexbex_ibex_core.v:127:13:      Example path: processorci_top.Processor.ibex_core_2.pc_mux_id
                    /home/gabcro/Code/Processor_CI/cores/soric_project/verilog/rtl/cores/flexbex_ibex_if_stage.v:74:19:      Example path: ASSIGNW
                    /home/gabcro/Code/Processor_CI/cores/soric_project/verilog/rtl/cores/flexbex_ibex_if_stage.v:74:19:      Example path: processorci_top.Processor.ibex_core_2.if_stage_i.pc_mux_i
                    /home/gabcro/Code/Processor_CI/cores/soric_project/verilog/rtl/cores/flexbex_ibex_if_stage.v:108:2:      Example path: ALWAYS
                    /home/gabcro/Code/Processor_CI/cores/soric_project/verilog/rtl/cores/flexbex_ibex_if_stage.v:89:13:      Example path: processorci_top.Processor.ibex_core_2.if_stage_i.fetch_addr_n
                    /home/gabcro/Code/Processor_CI/cores/soric_project/verilog/rtl/cores/flexbex_ibex_prefetch_buffer.v:39:20:      Example path: ASSIGNW
                    /home/gabcro/Code/Processor_CI/cores/soric_project/verilog/rtl/cores/flexbex_ibex_prefetch_buffer.v:39:20:      Example path: processorci_top.Processor.ibex_core_2.if_stage_i.prefetch_buffer_i.addr_i
                    /home/gabcro/Code/Processor_CI/cores/soric_project/verilog/rtl/cores/flexbex_ibex_prefetch_buffer.v:75:2:      Example path: ALWAYS
                    /home/gabcro/Code/Processor_CI/cores/soric_project/verilog/rtl/cores/flexbex_ibex_prefetch_buffer.v:46:20:      Example path: processorci_top.Processor.ibex_core_2.if_stage_i.prefetch_buffer_i.instr_addr_o
                    /home/gabcro/Code/Processor_CI/cores/soric_project/verilog/rtl/cores/flexbex_ibex_prefetch_buffer.v:46:20:      Example path: ASSIGNW
                    /home/gabcro/Code/Processor_CI/cores/soric_project/verilog/rtl/cores/flexbex_ibex_if_stage.v:60:21:      Example path: processorci_top.Processor.ibex_core_2.if_stage_i.instr_addr_o
                    /home/gabcro/Code/Processor_CI/cores/soric_project/verilog/rtl/cores/flexbex_ibex_if_stage.v:60:21:      Example path: ASSIGNW
                    /home/gabcro/Code/Processor_CI/cores/soric_project/verilog/rtl/cores/flexbex_ibex_core.v:85:21:      Example path: processorci_top.Processor.ibex_core_2.instr_addr_o
                    /home/gabcro/Code/Processor_CI/cores/soric_project/verilog/rtl/soric/soric_core.v:119:6:      Example path: ASSIGNW
                    /home/gabcro/Code/Processor_CI/cores/soric_project/verilog/rtl/soric/soric_core.v:215:52:      Example path: processorci_top.Processor.master_data_addr_to_inter_ro
                    /home/gabcro/Code/Processor_CI/cores/soric_project/verilog/rtl/soric/inter_read.v:42:48:      Example path: ASSIGNW
                    /home/gabcro/Code/Processor_CI/cores/soric_project/verilog/rtl/soric/inter_read.v:42:48:      Example path: processorci_top.Processor.inter_read_i.master_data_addr_i
                    /home/gabcro/Code/Processor_CI/cores/soric_project/verilog/rtl/soric/inter_read.v:55:4:      Example path: ALWAYS
                    /home/gabcro/Code/Processor_CI/cores/soric_project/verilog/rtl/soric/inter_read.v:51:37:      Example path: processorci_top.Processor.inter_read_i.arbiter_request
                    /home/gabcro/Code/Processor_CI/cores/soric_project/verilog/rtl/soric/inter_read.v:90:4:      Example path: ALWAYS
                    /home/gabcro/Code/Processor_CI/cores/soric_project/verilog/rtl/soric/inter_read.v:43:46:      Example path: processorci_top.Processor.inter_read_i.master_data_rdata_o
                    /home/gabcro/Code/Processor_CI/cores/soric_project/verilog/rtl/soric/inter_read.v:43:46:      Example path: ASSIGNW
                    /home/gabcro/Code/Processor_CI/cores/soric_project/verilog/rtl/soric/soric_core.v:216:35:      Example path: processorci_top.Processor.master_data_rdata_to_inter_ro
                    /home/gabcro/Code/Processor_CI/cores/soric_project/verilog/rtl/cores/flexbex_ibex_core.v:86:20:      Example path: ASSIGNW
                    /home/gabcro/Code/Processor_CI/cores/soric_project/verilog/rtl/cores/flexbex_ibex_core.v:86:20:      Example path: processorci_top.Processor.ibex_core_2.instr_rdata_i
                    /home/gabcro/Code/Processor_CI/cores/soric_project/verilog/rtl/cores/flexbex_ibex_if_stage.v:63:20:      Example path: ASSIGNW
                    /home/gabcro/Code/Processor_CI/cores/soric_project/verilog/rtl/cores/flexbex_ibex_if_stage.v:63:20:      Example path: processorci_top.Processor.ibex_core_2.if_stage_i.instr_rdata_i
                    /home/gabcro/Code/Processor_CI/cores/soric_project/verilog/rtl/cores/flexbex_ibex_prefetch_buffer.v:47:20:      Example path: ASSIGNW
                    /home/gabcro/Code/Processor_CI/cores/soric_project/verilog/rtl/cores/flexbex_ibex_prefetch_buffer.v:47:20:      Example path: processorci_top.Processor.ibex_core_2.if_stage_i.prefetch_buffer_i.instr_rdata_i
                    /home/gabcro/Code/Processor_CI/cores/soric_project/verilog/rtl/cores/flexbex_ibex_fetch_fifo.v:34:20:      Example path: ASSIGNW
                    /home/gabcro/Code/Processor_CI/cores/soric_project/verilog/rtl/cores/flexbex_ibex_fetch_fifo.v:34:20:      Example path: processorci_top.Processor.ibex_core_2.if_stage_i.prefetch_buffer_i.fifo_i.in_rdata_i
                    /home/gabcro/Code/Processor_CI/cores/soric_project/verilog/rtl/cores/flexbex_ibex_fetch_fifo.v:60:15:      Example path: ASSIGNW
                    /home/gabcro/Code/Processor_CI/cores/soric_project/verilog/rtl/cores/flexbex_ibex_fetch_fifo.v:53:14:      Example path: processorci_top.Processor.ibex_core_2.if_stage_i.prefetch_buffer_i.fifo_i.rdata
                    /home/gabcro/Code/Processor_CI/cores/soric_project/verilog/rtl/cores/flexbex_ibex_fetch_fifo.v:64:33:      Example path: ASSIGNW
                    /home/gabcro/Code/Processor_CI/cores/soric_project/verilog/rtl/cores/flexbex_ibex_fetch_fifo.v:58:7:      Example path: processorci_top.Processor.ibex_core_2.if_stage_i.prefetch_buffer_i.fifo_i.unaligned_is_compressed
                    /home/gabcro/Code/Processor_CI/cores/soric_project/verilog/rtl/cores/flexbex_ibex_fetch_fifo.v:67:2:      Example path: ALWAYS
                    /home/gabcro/Code/Processor_CI/cores/soric_project/verilog/rtl/cores/flexbex_ibex_fetch_fifo.v:37:13:      Example path: processorci_top.Processor.ibex_core_2.if_stage_i.prefetch_buffer_i.fifo_i.out_valid_o
                    /home/gabcro/Code/Processor_CI/cores/soric_project/verilog/rtl/cores/flexbex_ibex_fetch_fifo.v:37:13:      Example path: ASSIGNW
                    /home/gabcro/Code/Processor_CI/cores/soric_project/verilog/rtl/cores/flexbex_ibex_prefetch_buffer.v:41:14:      Example path: processorci_top.Processor.ibex_core_2.if_stage_i.prefetch_buffer_i.valid_o
                    /home/gabcro/Code/Processor_CI/cores/soric_project/verilog/rtl/cores/flexbex_ibex_prefetch_buffer.v:41:14:      Example path: ASSIGNW
                    /home/gabcro/Code/Processor_CI/cores/soric_project/verilog/rtl/cores/flexbex_ibex_if_stage.v:90:7:      Example path: processorci_top.Processor.ibex_core_2.if_stage_i.fetch_valid
                    /home/gabcro/Code/Processor_CI/cores/soric_project/verilog/rtl/cores/flexbex_ibex_if_stage.v:142:2:      Example path: ASSIGNW
                    /home/gabcro/Code/Processor_CI/cores/soric_project/verilog/rtl/cores/flexbex_ibex_if_stage.v:142:2:      Example path: processorci_top.Processor.__VdfgRegularize_h6e95ff9d_0_134
                    /home/gabcro/Code/Processor_CI/cores/soric_project/verilog/rtl/cores/flexbex_ibex_if_stage.v:142:2:      Example path: ASSIGNW
                    /home/gabcro/Code/Processor_CI/cores/soric_project/verilog/rtl/cores/flexbex_ibex_if_stage.v:142:2:      Example path: processorci_top.Processor.__VdfgSynthAssign___Vtableidx8_h6e95ff9d_0_0
                    /home/gabcro/Code/Processor_CI/cores/soric_project/verilog/rtl/cores/flexbex_ibex_if_stage.v:142:2:      Example path: ASSIGNW
                    /home/gabcro/Code/Processor_CI/cores/soric_project/verilog/rtl/cores/flexbex_ibex_if_stage.v:88:6:      Example path: processorci_top.Processor.ibex_core_2.if_stage_i.branch_req
                    /home/gabcro/Code/Processor_CI/cores/soric_project/verilog/rtl/cores/flexbex_ibex_prefetch_buffer.v:38:13:      Example path: ASSIGNW
                    /home/gabcro/Code/Processor_CI/cores/soric_project/verilog/rtl/cores/flexbex_ibex_prefetch_buffer.v:38:13:      Example path: processorci_top.Processor.ibex_core_2.if_stage_i.prefetch_buffer_i.branch_i
                    /home/gabcro/Code/Processor_CI/cores/soric_project/verilog/rtl/cores/flexbex_ibex_prefetch_buffer.v:75:2:      Example path: ALWAYS
                    /home/gabcro/Code/Processor_CI/cores/soric_project/verilog/rtl/cores/flexbex_ibex_prefetch_buffer.v:44:13:      Example path: processorci_top.Processor.ibex_core_2.if_stage_i.prefetch_buffer_i.instr_req_o
                    /home/gabcro/Code/Processor_CI/cores/soric_project/verilog/rtl/cores/flexbex_ibex_prefetch_buffer.v:44:13:      Example path: ASSIGNW
                    /home/gabcro/Code/Processor_CI/cores/soric_project/verilog/rtl/cores/flexbex_ibex_if_stage.v:59:14:      Example path: processorci_top.Processor.ibex_core_2.if_stage_i.instr_req_o
                    /home/gabcro/Code/Processor_CI/cores/soric_project/verilog/rtl/cores/flexbex_ibex_if_stage.v:59:14:      Example path: ASSIGNW
                    /home/gabcro/Code/Processor_CI/cores/soric_project/verilog/rtl/cores/flexbex_ibex_core.v:82:14:      Example path: processorci_top.Processor.ibex_core_2.instr_req_o
                    /home/gabcro/Code/Processor_CI/cores/soric_project/verilog/rtl/soric/soric_core.v:116:6:      Example path: ASSIGNW
                    /home/gabcro/Code/Processor_CI/cores/soric_project/verilog/rtl/soric/soric_core.v:214:29:      Example path: processorci_top.Processor.master_data_req_to_inter_ro
                    /home/gabcro/Code/Processor_CI/cores/soric_project/verilog/rtl/soric/inter_read.v:41:31:      Example path: ASSIGNW
                    /home/gabcro/Code/Processor_CI/cores/soric_project/verilog/rtl/soric/inter_read.v:41:31:      Example path: processorci_top.Processor.inter_read_i.master_data_req_i
                    /home/gabcro/Code/Processor_CI/cores/soric_project/verilog/rtl/soric/inter_read.v:55:4:      Example path: ALWAYS
%Warning-UNOPTFLAT: /home/gabcro/Code/Processor_CI/cores/soric_project/verilog/rtl/cores/flexbex_ibex_id_stage.v:179:7: Signal unoptimizable: Circular combinational logic: 'processorci_top.Processor.ibex_core_2.id_stage_i.branch_in_id'
                                                                                                                      : ... note: In instance 'processorci_top.Processor'
  179 |  wire branch_in_id;
      |       ^~~~~~~~~~~~
                    /home/gabcro/Code/Processor_CI/cores/soric_project/verilog/rtl/cores/flexbex_ibex_core.v:250:1: ... note: In file included from 'flexbex_ibex_core.v'
                    /home/gabcro/Code/Processor_CI/cores/soric_project/verilog/rtl/cores/flexbex_ibex_id_stage.v:179:7:      Example path: processorci_top.Processor.ibex_core_2.id_stage_i.branch_in_id
                    /home/gabcro/Code/Processor_CI/cores/soric_project/verilog/rtl/cores/flexbex_ibex_id_stage.v:433:2:      Example path: ALWAYS
                    /home/gabcro/Code/Processor_CI/cores/soric_project/verilog/rtl/cores/flexbex_ibex_id_stage.v:183:6:      Example path: processorci_top.Processor.ibex_core_2.id_stage_i.jump_set
                    /home/gabcro/Code/Processor_CI/cores/soric_project/verilog/rtl/cores/flexbex_ibex_controller.v:97:13:      Example path: ASSIGNW
                    /home/gabcro/Code/Processor_CI/cores/soric_project/verilog/rtl/cores/flexbex_ibex_controller.v:97:13:      Example path: processorci_top.Processor.ibex_core_2.id_stage_i.controller_i.jump_set_i
                    /home/gabcro/Code/Processor_CI/cores/soric_project/verilog/rtl/cores/flexbex_ibex_controller.v:134:2:      Example path: ALWAYS
                    /home/gabcro/Code/Processor_CI/cores/soric_project/verilog/rtl/cores/flexbex_ibex_controller.v:92:19:      Example path: processorci_top.Processor.ibex_core_2.id_stage_i.controller_i.pc_mux_o
                    /home/gabcro/Code/Processor_CI/cores/soric_project/verilog/rtl/cores/flexbex_ibex_controller.v:92:19:      Example path: ASSIGNW
                    /home/gabcro/Code/Processor_CI/cores/soric_project/verilog/rtl/cores/flexbex_ibex_id_stage.v:112:20:      Example path: processorci_top.Processor.ibex_core_2.id_stage_i.pc_mux_o
                    /home/gabcro/Code/Processor_CI/cores/soric_project/verilog/rtl/cores/flexbex_ibex_id_stage.v:112:20:      Example path: ASSIGNW
                    /home/gabcro/Code/Processor_CI/cores/soric_project/verilog/rtl/cores/flexbex_ibex_core.v:127:13:      Example path: processorci_top.Processor.ibex_core_2.pc_mux_id
                    /home/gabcro/Code/Processor_CI/cores/soric_project/verilog/rtl/cores/flexbex_ibex_if_stage.v:74:19:      Example path: ASSIGNW
                    /home/gabcro/Code/Processor_CI/cores/soric_project/verilog/rtl/cores/flexbex_ibex_if_stage.v:74:19:      Example path: processorci_top.Processor.ibex_core_2.if_stage_i.pc_mux_i
                    /home/gabcro/Code/Processor_CI/cores/soric_project/verilog/rtl/cores/flexbex_ibex_if_stage.v:108:2:      Example path: ALWAYS
                    /home/gabcro/Code/Processor_CI/cores/soric_project/verilog/rtl/cores/flexbex_ibex_if_stage.v:89:13:      Example path: processorci_top.Processor.ibex_core_2.if_stage_i.fetch_addr_n
                    /home/gabcro/Code/Processor_CI/cores/soric_project/verilog/rtl/cores/flexbex_ibex_prefetch_buffer.v:39:20:      Example path: ASSIGNW
                    /home/gabcro/Code/Processor_CI/cores/soric_project/verilog/rtl/cores/flexbex_ibex_prefetch_buffer.v:39:20:      Example path: processorci_top.Processor.ibex_core_2.if_stage_i.prefetch_buffer_i.addr_i
                    /home/gabcro/Code/Processor_CI/cores/soric_project/verilog/rtl/cores/flexbex_ibex_prefetch_buffer.v:75:2:      Example path: ALWAYS
                    /home/gabcro/Code/Processor_CI/cores/soric_project/verilog/rtl/cores/flexbex_ibex_prefetch_buffer.v:46:20:      Example path: processorci_top.Processor.ibex_core_2.if_stage_i.prefetch_buffer_i.instr_addr_o
                    /home/gabcro/Code/Processor_CI/cores/soric_project/verilog/rtl/cores/flexbex_ibex_prefetch_buffer.v:46:20:      Example path: ASSIGNW
                    /home/gabcro/Code/Processor_CI/cores/soric_project/verilog/rtl/cores/flexbex_ibex_if_stage.v:60:21:      Example path: processorci_top.Processor.ibex_core_2.if_stage_i.instr_addr_o
                    /home/gabcro/Code/Processor_CI/cores/soric_project/verilog/rtl/cores/flexbex_ibex_if_stage.v:60:21:      Example path: ASSIGNW
                    /home/gabcro/Code/Processor_CI/cores/soric_project/verilog/rtl/cores/flexbex_ibex_core.v:85:21:      Example path: processorci_top.Processor.ibex_core_2.instr_addr_o
                    /home/gabcro/Code/Processor_CI/cores/soric_project/verilog/rtl/soric/soric_core.v:119:6:      Example path: ASSIGNW
                    /home/gabcro/Code/Processor_CI/cores/soric_project/verilog/rtl/soric/soric_core.v:215:52:      Example path: processorci_top.Processor.master_data_addr_to_inter_ro
                    /home/gabcro/Code/Processor_CI/cores/soric_project/verilog/rtl/soric/inter_read.v:42:48:      Example path: ASSIGNW
                    /home/gabcro/Code/Processor_CI/cores/soric_project/verilog/rtl/soric/inter_read.v:42:48:      Example path: processorci_top.Processor.inter_read_i.master_data_addr_i
                    /home/gabcro/Code/Processor_CI/cores/soric_project/verilog/rtl/soric/inter_read.v:55:4:      Example path: ALWAYS
                    /home/gabcro/Code/Processor_CI/cores/soric_project/verilog/rtl/soric/inter_read.v:51:37:      Example path: processorci_top.Processor.inter_read_i.arbiter_request
                    /home/gabcro/Code/Processor_CI/cores/soric_project/verilog/rtl/soric/inter_read.v:90:4:      Example path: ALWAYS
                    /home/gabcro/Code/Processor_CI/cores/soric_project/verilog/rtl/soric/inter_read.v:43:46:      Example path: processorci_top.Processor.inter_read_i.master_data_rdata_o
                    /home/gabcro/Code/Processor_CI/cores/soric_project/verilog/rtl/soric/inter_read.v:43:46:      Example path: ASSIGNW
                    /home/gabcro/Code/Processor_CI/cores/soric_project/verilog/rtl/soric/soric_core.v:216:35:      Example path: processorci_top.Processor.master_data_rdata_to_inter_ro
                    /home/gabcro/Code/Processor_CI/cores/soric_project/verilog/rtl/cores/flexbex_ibex_core.v:86:20:      Example path: ASSIGNW
                    /home/gabcro/Code/Processor_CI/cores/soric_project/verilog/rtl/cores/flexbex_ibex_core.v:86:20:      Example path: processorci_top.Processor.ibex_core_2.instr_rdata_i
                    /home/gabcro/Code/Processor_CI/cores/soric_project/verilog/rtl/cores/flexbex_ibex_if_stage.v:63:20:      Example path: ASSIGNW
                    /home/gabcro/Code/Processor_CI/cores/soric_project/verilog/rtl/cores/flexbex_ibex_if_stage.v:63:20:      Example path: processorci_top.Processor.ibex_core_2.if_stage_i.instr_rdata_i
                    /home/gabcro/Code/Processor_CI/cores/soric_project/verilog/rtl/cores/flexbex_ibex_prefetch_buffer.v:47:20:      Example path: ASSIGNW
                    /home/gabcro/Code/Processor_CI/cores/soric_project/verilog/rtl/cores/flexbex_ibex_prefetch_buffer.v:47:20:      Example path: processorci_top.Processor.ibex_core_2.if_stage_i.prefetch_buffer_i.instr_rdata_i
                    /home/gabcro/Code/Processor_CI/cores/soric_project/verilog/rtl/cores/flexbex_ibex_fetch_fifo.v:34:20:      Example path: ASSIGNW
                    /home/gabcro/Code/Processor_CI/cores/soric_project/verilog/rtl/cores/flexbex_ibex_fetch_fifo.v:34:20:      Example path: processorci_top.Processor.ibex_core_2.if_stage_i.prefetch_buffer_i.fifo_i.in_rdata_i
                    /home/gabcro/Code/Processor_CI/cores/soric_project/verilog/rtl/cores/flexbex_ibex_fetch_fifo.v:60:15:      Example path: ASSIGNW
                    /home/gabcro/Code/Processor_CI/cores/soric_project/verilog/rtl/cores/flexbex_ibex_fetch_fifo.v:53:14:      Example path: processorci_top.Processor.ibex_core_2.if_stage_i.prefetch_buffer_i.fifo_i.rdata
                    /home/gabcro/Code/Processor_CI/cores/soric_project/verilog/rtl/cores/flexbex_ibex_fetch_fifo.v:64:33:      Example path: ASSIGNW
                    /home/gabcro/Code/Processor_CI/cores/soric_project/verilog/rtl/cores/flexbex_ibex_fetch_fifo.v:58:7:      Example path: processorci_top.Processor.ibex_core_2.if_stage_i.prefetch_buffer_i.fifo_i.unaligned_is_compressed
                    /home/gabcro/Code/Processor_CI/cores/soric_project/verilog/rtl/cores/flexbex_ibex_fetch_fifo.v:67:2:      Example path: ALWAYS
                    /home/gabcro/Code/Processor_CI/cores/soric_project/verilog/rtl/cores/flexbex_ibex_fetch_fifo.v:37:13:      Example path: processorci_top.Processor.ibex_core_2.if_stage_i.prefetch_buffer_i.fifo_i.out_valid_o
                    /home/gabcro/Code/Processor_CI/cores/soric_project/verilog/rtl/cores/flexbex_ibex_fetch_fifo.v:37:13:      Example path: ASSIGNW
                    /home/gabcro/Code/Processor_CI/cores/soric_project/verilog/rtl/cores/flexbex_ibex_prefetch_buffer.v:41:14:      Example path: processorci_top.Processor.ibex_core_2.if_stage_i.prefetch_buffer_i.valid_o
                    /home/gabcro/Code/Processor_CI/cores/soric_project/verilog/rtl/cores/flexbex_ibex_prefetch_buffer.v:41:14:      Example path: ASSIGNW
                    /home/gabcro/Code/Processor_CI/cores/soric_project/verilog/rtl/cores/flexbex_ibex_if_stage.v:90:7:      Example path: processorci_top.Processor.ibex_core_2.if_stage_i.fetch_valid
                    /home/gabcro/Code/Processor_CI/cores/soric_project/verilog/rtl/cores/flexbex_ibex_if_stage.v:142:2:      Example path: ASSIGNW
                    /home/gabcro/Code/Processor_CI/cores/soric_project/verilog/rtl/cores/flexbex_ibex_if_stage.v:142:2:      Example path: processorci_top.Processor.__VdfgRegularize_h6e95ff9d_0_134
                    /home/gabcro/Code/Processor_CI/cores/soric_project/verilog/rtl/cores/flexbex_ibex_if_stage.v:142:2:      Example path: ASSIGNW
                    /home/gabcro/Code/Processor_CI/cores/soric_project/verilog/rtl/cores/flexbex_ibex_if_stage.v:142:2:      Example path: processorci_top.Processor.__VdfgSynthAssign___Vtableidx8_h6e95ff9d_0_0
                    /home/gabcro/Code/Processor_CI/cores/soric_project/verilog/rtl/cores/flexbex_ibex_if_stage.v:142:2:      Example path: ASSIGNW
                    /home/gabcro/Code/Processor_CI/cores/soric_project/verilog/rtl/cores/flexbex_ibex_if_stage.v:88:6:      Example path: processorci_top.Processor.ibex_core_2.if_stage_i.branch_req
                    /home/gabcro/Code/Processor_CI/cores/soric_project/verilog/rtl/cores/flexbex_ibex_prefetch_buffer.v:38:13:      Example path: ASSIGNW
                    /home/gabcro/Code/Processor_CI/cores/soric_project/verilog/rtl/cores/flexbex_ibex_prefetch_buffer.v:38:13:      Example path: processorci_top.Processor.ibex_core_2.if_stage_i.prefetch_buffer_i.branch_i
                    /home/gabcro/Code/Processor_CI/cores/soric_project/verilog/rtl/cores/flexbex_ibex_prefetch_buffer.v:75:2:      Example path: ALWAYS
                    /home/gabcro/Code/Processor_CI/cores/soric_project/verilog/rtl/cores/flexbex_ibex_prefetch_buffer.v:44:13:      Example path: processorci_top.Processor.ibex_core_2.if_stage_i.prefetch_buffer_i.instr_req_o
                    /home/gabcro/Code/Processor_CI/cores/soric_project/verilog/rtl/cores/flexbex_ibex_prefetch_buffer.v:44:13:      Example path: ASSIGNW
                    /home/gabcro/Code/Processor_CI/cores/soric_project/verilog/rtl/cores/flexbex_ibex_if_stage.v:59:14:      Example path: processorci_top.Processor.ibex_core_2.if_stage_i.instr_req_o
                    /home/gabcro/Code/Processor_CI/cores/soric_project/verilog/rtl/cores/flexbex_ibex_if_stage.v:59:14:      Example path: ASSIGNW
                    /home/gabcro/Code/Processor_CI/cores/soric_project/verilog/rtl/cores/flexbex_ibex_core.v:82:14:      Example path: processorci_top.Processor.ibex_core_2.instr_req_o
                    /home/gabcro/Code/Processor_CI/cores/soric_project/verilog/rtl/soric/soric_core.v:116:6:      Example path: ASSIGNW
                    /home/gabcro/Code/Processor_CI/cores/soric_project/verilog/rtl/soric/soric_core.v:214:29:      Example path: processorci_top.Processor.master_data_req_to_inter_ro
                    /home/gabcro/Code/Processor_CI/cores/soric_project/verilog/rtl/soric/inter_read.v:41:31:      Example path: ASSIGNW
                    /home/gabcro/Code/Processor_CI/cores/soric_project/verilog/rtl/soric/inter_read.v:41:31:      Example path: processorci_top.Processor.inter_read_i.master_data_req_i
                    /home/gabcro/Code/Processor_CI/cores/soric_project/verilog/rtl/soric/inter_read.v:55:4:      Example path: ALWAYS
%Warning-UNOPTFLAT: /home/gabcro/Code/Processor_CI/cores/soric_project/verilog/rtl/cores/flexbex_ibex_id_stage.v:224:7: Signal unoptimizable: Circular combinational logic: 'processorci_top.Processor.ibex_core_2.id_stage_i.eFPGA_int_en'
                                                                                                                      : ... note: In instance 'processorci_top.Processor'
  224 |  wire eFPGA_int_en;
      |       ^~~~~~~~~~~~
                    /home/gabcro/Code/Processor_CI/cores/soric_project/verilog/rtl/cores/flexbex_ibex_core.v:250:1: ... note: In file included from 'flexbex_ibex_core.v'
                    /home/gabcro/Code/Processor_CI/cores/soric_project/verilog/rtl/cores/flexbex_ibex_id_stage.v:224:7:      Example path: processorci_top.Processor.ibex_core_2.id_stage_i.eFPGA_int_en
                    /home/gabcro/Code/Processor_CI/cores/soric_project/verilog/rtl/cores/flexbex_ibex_id_stage.v:433:2:      Example path: ALWAYS
                    /home/gabcro/Code/Processor_CI/cores/soric_project/verilog/rtl/cores/flexbex_ibex_id_stage.v:183:6:      Example path: processorci_top.Processor.ibex_core_2.id_stage_i.jump_set
                    /home/gabcro/Code/Processor_CI/cores/soric_project/verilog/rtl/cores/flexbex_ibex_controller.v:97:13:      Example path: ASSIGNW
                    /home/gabcro/Code/Processor_CI/cores/soric_project/verilog/rtl/cores/flexbex_ibex_controller.v:97:13:      Example path: processorci_top.Processor.ibex_core_2.id_stage_i.controller_i.jump_set_i
                    /home/gabcro/Code/Processor_CI/cores/soric_project/verilog/rtl/cores/flexbex_ibex_controller.v:134:2:      Example path: ALWAYS
                    /home/gabcro/Code/Processor_CI/cores/soric_project/verilog/rtl/cores/flexbex_ibex_controller.v:92:19:      Example path: processorci_top.Processor.ibex_core_2.id_stage_i.controller_i.pc_mux_o
                    /home/gabcro/Code/Processor_CI/cores/soric_project/verilog/rtl/cores/flexbex_ibex_controller.v:92:19:      Example path: ASSIGNW
                    /home/gabcro/Code/Processor_CI/cores/soric_project/verilog/rtl/cores/flexbex_ibex_id_stage.v:112:20:      Example path: processorci_top.Processor.ibex_core_2.id_stage_i.pc_mux_o
                    /home/gabcro/Code/Processor_CI/cores/soric_project/verilog/rtl/cores/flexbex_ibex_id_stage.v:112:20:      Example path: ASSIGNW
                    /home/gabcro/Code/Processor_CI/cores/soric_project/verilog/rtl/cores/flexbex_ibex_core.v:127:13:      Example path: processorci_top.Processor.ibex_core_2.pc_mux_id
                    /home/gabcro/Code/Processor_CI/cores/soric_project/verilog/rtl/cores/flexbex_ibex_if_stage.v:74:19:      Example path: ASSIGNW
                    /home/gabcro/Code/Processor_CI/cores/soric_project/verilog/rtl/cores/flexbex_ibex_if_stage.v:74:19:      Example path: processorci_top.Processor.ibex_core_2.if_stage_i.pc_mux_i
                    /home/gabcro/Code/Processor_CI/cores/soric_project/verilog/rtl/cores/flexbex_ibex_if_stage.v:108:2:      Example path: ALWAYS
                    /home/gabcro/Code/Processor_CI/cores/soric_project/verilog/rtl/cores/flexbex_ibex_if_stage.v:89:13:      Example path: processorci_top.Processor.ibex_core_2.if_stage_i.fetch_addr_n
                    /home/gabcro/Code/Processor_CI/cores/soric_project/verilog/rtl/cores/flexbex_ibex_prefetch_buffer.v:39:20:      Example path: ASSIGNW
                    /home/gabcro/Code/Processor_CI/cores/soric_project/verilog/rtl/cores/flexbex_ibex_prefetch_buffer.v:39:20:      Example path: processorci_top.Processor.ibex_core_2.if_stage_i.prefetch_buffer_i.addr_i
                    /home/gabcro/Code/Processor_CI/cores/soric_project/verilog/rtl/cores/flexbex_ibex_prefetch_buffer.v:75:2:      Example path: ALWAYS
                    /home/gabcro/Code/Processor_CI/cores/soric_project/verilog/rtl/cores/flexbex_ibex_prefetch_buffer.v:46:20:      Example path: processorci_top.Processor.ibex_core_2.if_stage_i.prefetch_buffer_i.instr_addr_o
                    /home/gabcro/Code/Processor_CI/cores/soric_project/verilog/rtl/cores/flexbex_ibex_prefetch_buffer.v:46:20:      Example path: ASSIGNW
                    /home/gabcro/Code/Processor_CI/cores/soric_project/verilog/rtl/cores/flexbex_ibex_if_stage.v:60:21:      Example path: processorci_top.Processor.ibex_core_2.if_stage_i.instr_addr_o
                    /home/gabcro/Code/Processor_CI/cores/soric_project/verilog/rtl/cores/flexbex_ibex_if_stage.v:60:21:      Example path: ASSIGNW
                    /home/gabcro/Code/Processor_CI/cores/soric_project/verilog/rtl/cores/flexbex_ibex_core.v:85:21:      Example path: processorci_top.Processor.ibex_core_2.instr_addr_o
                    /home/gabcro/Code/Processor_CI/cores/soric_project/verilog/rtl/soric/soric_core.v:119:6:      Example path: ASSIGNW
                    /home/gabcro/Code/Processor_CI/cores/soric_project/verilog/rtl/soric/soric_core.v:215:52:      Example path: processorci_top.Processor.master_data_addr_to_inter_ro
                    /home/gabcro/Code/Processor_CI/cores/soric_project/verilog/rtl/soric/inter_read.v:42:48:      Example path: ASSIGNW
                    /home/gabcro/Code/Processor_CI/cores/soric_project/verilog/rtl/soric/inter_read.v:42:48:      Example path: processorci_top.Processor.inter_read_i.master_data_addr_i
                    /home/gabcro/Code/Processor_CI/cores/soric_project/verilog/rtl/soric/inter_read.v:55:4:      Example path: ALWAYS
                    /home/gabcro/Code/Processor_CI/cores/soric_project/verilog/rtl/soric/inter_read.v:51:37:      Example path: processorci_top.Processor.inter_read_i.arbiter_request
                    /home/gabcro/Code/Processor_CI/cores/soric_project/verilog/rtl/soric/inter_read.v:90:4:      Example path: ALWAYS
                    /home/gabcro/Code/Processor_CI/cores/soric_project/verilog/rtl/soric/inter_read.v:43:46:      Example path: processorci_top.Processor.inter_read_i.master_data_rdata_o
                    /home/gabcro/Code/Processor_CI/cores/soric_project/verilog/rtl/soric/inter_read.v:43:46:      Example path: ASSIGNW
                    /home/gabcro/Code/Processor_CI/cores/soric_project/verilog/rtl/soric/soric_core.v:216:35:      Example path: processorci_top.Processor.master_data_rdata_to_inter_ro
                    /home/gabcro/Code/Processor_CI/cores/soric_project/verilog/rtl/cores/flexbex_ibex_core.v:86:20:      Example path: ASSIGNW
                    /home/gabcro/Code/Processor_CI/cores/soric_project/verilog/rtl/cores/flexbex_ibex_core.v:86:20:      Example path: processorci_top.Processor.ibex_core_2.instr_rdata_i
                    /home/gabcro/Code/Processor_CI/cores/soric_project/verilog/rtl/cores/flexbex_ibex_if_stage.v:63:20:      Example path: ASSIGNW
                    /home/gabcro/Code/Processor_CI/cores/soric_project/verilog/rtl/cores/flexbex_ibex_if_stage.v:63:20:      Example path: processorci_top.Processor.ibex_core_2.if_stage_i.instr_rdata_i
                    /home/gabcro/Code/Processor_CI/cores/soric_project/verilog/rtl/cores/flexbex_ibex_prefetch_buffer.v:47:20:      Example path: ASSIGNW
                    /home/gabcro/Code/Processor_CI/cores/soric_project/verilog/rtl/cores/flexbex_ibex_prefetch_buffer.v:47:20:      Example path: processorci_top.Processor.ibex_core_2.if_stage_i.prefetch_buffer_i.instr_rdata_i
                    /home/gabcro/Code/Processor_CI/cores/soric_project/verilog/rtl/cores/flexbex_ibex_fetch_fifo.v:34:20:      Example path: ASSIGNW
                    /home/gabcro/Code/Processor_CI/cores/soric_project/verilog/rtl/cores/flexbex_ibex_fetch_fifo.v:34:20:      Example path: processorci_top.Processor.ibex_core_2.if_stage_i.prefetch_buffer_i.fifo_i.in_rdata_i
                    /home/gabcro/Code/Processor_CI/cores/soric_project/verilog/rtl/cores/flexbex_ibex_fetch_fifo.v:60:15:      Example path: ASSIGNW
                    /home/gabcro/Code/Processor_CI/cores/soric_project/verilog/rtl/cores/flexbex_ibex_fetch_fifo.v:53:14:      Example path: processorci_top.Processor.ibex_core_2.if_stage_i.prefetch_buffer_i.fifo_i.rdata
                    /home/gabcro/Code/Processor_CI/cores/soric_project/verilog/rtl/cores/flexbex_ibex_fetch_fifo.v:64:33:      Example path: ASSIGNW
                    /home/gabcro/Code/Processor_CI/cores/soric_project/verilog/rtl/cores/flexbex_ibex_fetch_fifo.v:58:7:      Example path: processorci_top.Processor.ibex_core_2.if_stage_i.prefetch_buffer_i.fifo_i.unaligned_is_compressed
                    /home/gabcro/Code/Processor_CI/cores/soric_project/verilog/rtl/cores/flexbex_ibex_fetch_fifo.v:67:2:      Example path: ALWAYS
                    /home/gabcro/Code/Processor_CI/cores/soric_project/verilog/rtl/cores/flexbex_ibex_fetch_fifo.v:37:13:      Example path: processorci_top.Processor.ibex_core_2.if_stage_i.prefetch_buffer_i.fifo_i.out_valid_o
                    /home/gabcro/Code/Processor_CI/cores/soric_project/verilog/rtl/cores/flexbex_ibex_fetch_fifo.v:37:13:      Example path: ASSIGNW
                    /home/gabcro/Code/Processor_CI/cores/soric_project/verilog/rtl/cores/flexbex_ibex_prefetch_buffer.v:41:14:      Example path: processorci_top.Processor.ibex_core_2.if_stage_i.prefetch_buffer_i.valid_o
                    /home/gabcro/Code/Processor_CI/cores/soric_project/verilog/rtl/cores/flexbex_ibex_prefetch_buffer.v:41:14:      Example path: ASSIGNW
                    /home/gabcro/Code/Processor_CI/cores/soric_project/verilog/rtl/cores/flexbex_ibex_if_stage.v:90:7:      Example path: processorci_top.Processor.ibex_core_2.if_stage_i.fetch_valid
                    /home/gabcro/Code/Processor_CI/cores/soric_project/verilog/rtl/cores/flexbex_ibex_if_stage.v:142:2:      Example path: ASSIGNW
                    /home/gabcro/Code/Processor_CI/cores/soric_project/verilog/rtl/cores/flexbex_ibex_if_stage.v:142:2:      Example path: processorci_top.Processor.__VdfgRegularize_h6e95ff9d_0_134
                    /home/gabcro/Code/Processor_CI/cores/soric_project/verilog/rtl/cores/flexbex_ibex_if_stage.v:142:2:      Example path: ASSIGNW
                    /home/gabcro/Code/Processor_CI/cores/soric_project/verilog/rtl/cores/flexbex_ibex_if_stage.v:142:2:      Example path: processorci_top.Processor.__VdfgSynthAssign___Vtableidx8_h6e95ff9d_0_0
                    /home/gabcro/Code/Processor_CI/cores/soric_project/verilog/rtl/cores/flexbex_ibex_if_stage.v:142:2:      Example path: ASSIGNW
                    /home/gabcro/Code/Processor_CI/cores/soric_project/verilog/rtl/cores/flexbex_ibex_if_stage.v:88:6:      Example path: processorci_top.Processor.ibex_core_2.if_stage_i.branch_req
                    /home/gabcro/Code/Processor_CI/cores/soric_project/verilog/rtl/cores/flexbex_ibex_prefetch_buffer.v:38:13:      Example path: ASSIGNW
                    /home/gabcro/Code/Processor_CI/cores/soric_project/verilog/rtl/cores/flexbex_ibex_prefetch_buffer.v:38:13:      Example path: processorci_top.Processor.ibex_core_2.if_stage_i.prefetch_buffer_i.branch_i
                    /home/gabcro/Code/Processor_CI/cores/soric_project/verilog/rtl/cores/flexbex_ibex_prefetch_buffer.v:75:2:      Example path: ALWAYS
                    /home/gabcro/Code/Processor_CI/cores/soric_project/verilog/rtl/cores/flexbex_ibex_prefetch_buffer.v:44:13:      Example path: processorci_top.Processor.ibex_core_2.if_stage_i.prefetch_buffer_i.instr_req_o
                    /home/gabcro/Code/Processor_CI/cores/soric_project/verilog/rtl/cores/flexbex_ibex_prefetch_buffer.v:44:13:      Example path: ASSIGNW
                    /home/gabcro/Code/Processor_CI/cores/soric_project/verilog/rtl/cores/flexbex_ibex_if_stage.v:59:14:      Example path: processorci_top.Processor.ibex_core_2.if_stage_i.instr_req_o
                    /home/gabcro/Code/Processor_CI/cores/soric_project/verilog/rtl/cores/flexbex_ibex_if_stage.v:59:14:      Example path: ASSIGNW
                    /home/gabcro/Code/Processor_CI/cores/soric_project/verilog/rtl/cores/flexbex_ibex_core.v:82:14:      Example path: processorci_top.Processor.ibex_core_2.instr_req_o
                    /home/gabcro/Code/Processor_CI/cores/soric_project/verilog/rtl/soric/soric_core.v:116:6:      Example path: ASSIGNW
                    /home/gabcro/Code/Processor_CI/cores/soric_project/verilog/rtl/soric/soric_core.v:214:29:      Example path: processorci_top.Processor.master_data_req_to_inter_ro
                    /home/gabcro/Code/Processor_CI/cores/soric_project/verilog/rtl/soric/inter_read.v:41:31:      Example path: ASSIGNW
                    /home/gabcro/Code/Processor_CI/cores/soric_project/verilog/rtl/soric/inter_read.v:41:31:      Example path: processorci_top.Processor.inter_read_i.master_data_req_i
                    /home/gabcro/Code/Processor_CI/cores/soric_project/verilog/rtl/soric/inter_read.v:55:4:      Example path: ALWAYS
%Warning-UNOPTFLAT: /home/gabcro/Code/Processor_CI/cores/soric_project/verilog/rtl/cores/flexbex_ibex_id_stage.v:185:7: Signal unoptimizable: Circular combinational logic: 'processorci_top.Processor.ibex_core_2.id_stage_i.jump_in_id'
                                                                                                                      : ... note: In instance 'processorci_top.Processor'
  185 |  wire jump_in_id;
      |       ^~~~~~~~~~
                    /home/gabcro/Code/Processor_CI/cores/soric_project/verilog/rtl/cores/flexbex_ibex_core.v:250:1: ... note: In file included from 'flexbex_ibex_core.v'
                    /home/gabcro/Code/Processor_CI/cores/soric_project/verilog/rtl/cores/flexbex_ibex_id_stage.v:185:7:      Example path: processorci_top.Processor.ibex_core_2.id_stage_i.jump_in_id
                    /home/gabcro/Code/Processor_CI/cores/soric_project/verilog/rtl/cores/flexbex_ibex_id_stage.v:433:2:      Example path: ALWAYS
                    /home/gabcro/Code/Processor_CI/cores/soric_project/verilog/rtl/cores/flexbex_ibex_id_stage.v:183:6:      Example path: processorci_top.Processor.ibex_core_2.id_stage_i.jump_set
                    /home/gabcro/Code/Processor_CI/cores/soric_project/verilog/rtl/cores/flexbex_ibex_controller.v:97:13:      Example path: ASSIGNW
                    /home/gabcro/Code/Processor_CI/cores/soric_project/verilog/rtl/cores/flexbex_ibex_controller.v:97:13:      Example path: processorci_top.Processor.ibex_core_2.id_stage_i.controller_i.jump_set_i
                    /home/gabcro/Code/Processor_CI/cores/soric_project/verilog/rtl/cores/flexbex_ibex_controller.v:134:2:      Example path: ALWAYS
                    /home/gabcro/Code/Processor_CI/cores/soric_project/verilog/rtl/cores/flexbex_ibex_controller.v:92:19:      Example path: processorci_top.Processor.ibex_core_2.id_stage_i.controller_i.pc_mux_o
                    /home/gabcro/Code/Processor_CI/cores/soric_project/verilog/rtl/cores/flexbex_ibex_controller.v:92:19:      Example path: ASSIGNW
                    /home/gabcro/Code/Processor_CI/cores/soric_project/verilog/rtl/cores/flexbex_ibex_id_stage.v:112:20:      Example path: processorci_top.Processor.ibex_core_2.id_stage_i.pc_mux_o
                    /home/gabcro/Code/Processor_CI/cores/soric_project/verilog/rtl/cores/flexbex_ibex_id_stage.v:112:20:      Example path: ASSIGNW
                    /home/gabcro/Code/Processor_CI/cores/soric_project/verilog/rtl/cores/flexbex_ibex_core.v:127:13:      Example path: processorci_top.Processor.ibex_core_2.pc_mux_id
                    /home/gabcro/Code/Processor_CI/cores/soric_project/verilog/rtl/cores/flexbex_ibex_if_stage.v:74:19:      Example path: ASSIGNW
                    /home/gabcro/Code/Processor_CI/cores/soric_project/verilog/rtl/cores/flexbex_ibex_if_stage.v:74:19:      Example path: processorci_top.Processor.ibex_core_2.if_stage_i.pc_mux_i
                    /home/gabcro/Code/Processor_CI/cores/soric_project/verilog/rtl/cores/flexbex_ibex_if_stage.v:108:2:      Example path: ALWAYS
                    /home/gabcro/Code/Processor_CI/cores/soric_project/verilog/rtl/cores/flexbex_ibex_if_stage.v:89:13:      Example path: processorci_top.Processor.ibex_core_2.if_stage_i.fetch_addr_n
                    /home/gabcro/Code/Processor_CI/cores/soric_project/verilog/rtl/cores/flexbex_ibex_prefetch_buffer.v:39:20:      Example path: ASSIGNW
                    /home/gabcro/Code/Processor_CI/cores/soric_project/verilog/rtl/cores/flexbex_ibex_prefetch_buffer.v:39:20:      Example path: processorci_top.Processor.ibex_core_2.if_stage_i.prefetch_buffer_i.addr_i
                    /home/gabcro/Code/Processor_CI/cores/soric_project/verilog/rtl/cores/flexbex_ibex_prefetch_buffer.v:75:2:      Example path: ALWAYS
                    /home/gabcro/Code/Processor_CI/cores/soric_project/verilog/rtl/cores/flexbex_ibex_prefetch_buffer.v:46:20:      Example path: processorci_top.Processor.ibex_core_2.if_stage_i.prefetch_buffer_i.instr_addr_o
                    /home/gabcro/Code/Processor_CI/cores/soric_project/verilog/rtl/cores/flexbex_ibex_prefetch_buffer.v:46:20:      Example path: ASSIGNW
                    /home/gabcro/Code/Processor_CI/cores/soric_project/verilog/rtl/cores/flexbex_ibex_if_stage.v:60:21:      Example path: processorci_top.Processor.ibex_core_2.if_stage_i.instr_addr_o
                    /home/gabcro/Code/Processor_CI/cores/soric_project/verilog/rtl/cores/flexbex_ibex_if_stage.v:60:21:      Example path: ASSIGNW
                    /home/gabcro/Code/Processor_CI/cores/soric_project/verilog/rtl/cores/flexbex_ibex_core.v:85:21:      Example path: processorci_top.Processor.ibex_core_2.instr_addr_o
                    /home/gabcro/Code/Processor_CI/cores/soric_project/verilog/rtl/soric/soric_core.v:119:6:      Example path: ASSIGNW
                    /home/gabcro/Code/Processor_CI/cores/soric_project/verilog/rtl/soric/soric_core.v:215:52:      Example path: processorci_top.Processor.master_data_addr_to_inter_ro
                    /home/gabcro/Code/Processor_CI/cores/soric_project/verilog/rtl/soric/inter_read.v:42:48:      Example path: ASSIGNW
                    /home/gabcro/Code/Processor_CI/cores/soric_project/verilog/rtl/soric/inter_read.v:42:48:      Example path: processorci_top.Processor.inter_read_i.master_data_addr_i
                    /home/gabcro/Code/Processor_CI/cores/soric_project/verilog/rtl/soric/inter_read.v:55:4:      Example path: ALWAYS
                    /home/gabcro/Code/Processor_CI/cores/soric_project/verilog/rtl/soric/inter_read.v:51:37:      Example path: processorci_top.Processor.inter_read_i.arbiter_request
                    /home/gabcro/Code/Processor_CI/cores/soric_project/verilog/rtl/soric/inter_read.v:90:4:      Example path: ALWAYS
                    /home/gabcro/Code/Processor_CI/cores/soric_project/verilog/rtl/soric/inter_read.v:43:46:      Example path: processorci_top.Processor.inter_read_i.master_data_rdata_o
                    /home/gabcro/Code/Processor_CI/cores/soric_project/verilog/rtl/soric/inter_read.v:43:46:      Example path: ASSIGNW
                    /home/gabcro/Code/Processor_CI/cores/soric_project/verilog/rtl/soric/soric_core.v:216:35:      Example path: processorci_top.Processor.master_data_rdata_to_inter_ro
                    /home/gabcro/Code/Processor_CI/cores/soric_project/verilog/rtl/cores/flexbex_ibex_core.v:86:20:      Example path: ASSIGNW
                    /home/gabcro/Code/Processor_CI/cores/soric_project/verilog/rtl/cores/flexbex_ibex_core.v:86:20:      Example path: processorci_top.Processor.ibex_core_2.instr_rdata_i
                    /home/gabcro/Code/Processor_CI/cores/soric_project/verilog/rtl/cores/flexbex_ibex_if_stage.v:63:20:      Example path: ASSIGNW
                    /home/gabcro/Code/Processor_CI/cores/soric_project/verilog/rtl/cores/flexbex_ibex_if_stage.v:63:20:      Example path: processorci_top.Processor.ibex_core_2.if_stage_i.instr_rdata_i
                    /home/gabcro/Code/Processor_CI/cores/soric_project/verilog/rtl/cores/flexbex_ibex_prefetch_buffer.v:47:20:      Example path: ASSIGNW
                    /home/gabcro/Code/Processor_CI/cores/soric_project/verilog/rtl/cores/flexbex_ibex_prefetch_buffer.v:47:20:      Example path: processorci_top.Processor.ibex_core_2.if_stage_i.prefetch_buffer_i.instr_rdata_i
                    /home/gabcro/Code/Processor_CI/cores/soric_project/verilog/rtl/cores/flexbex_ibex_fetch_fifo.v:34:20:      Example path: ASSIGNW
                    /home/gabcro/Code/Processor_CI/cores/soric_project/verilog/rtl/cores/flexbex_ibex_fetch_fifo.v:34:20:      Example path: processorci_top.Processor.ibex_core_2.if_stage_i.prefetch_buffer_i.fifo_i.in_rdata_i
                    /home/gabcro/Code/Processor_CI/cores/soric_project/verilog/rtl/cores/flexbex_ibex_fetch_fifo.v:60:15:      Example path: ASSIGNW
                    /home/gabcro/Code/Processor_CI/cores/soric_project/verilog/rtl/cores/flexbex_ibex_fetch_fifo.v:53:14:      Example path: processorci_top.Processor.ibex_core_2.if_stage_i.prefetch_buffer_i.fifo_i.rdata
                    /home/gabcro/Code/Processor_CI/cores/soric_project/verilog/rtl/cores/flexbex_ibex_fetch_fifo.v:64:33:      Example path: ASSIGNW
                    /home/gabcro/Code/Processor_CI/cores/soric_project/verilog/rtl/cores/flexbex_ibex_fetch_fifo.v:58:7:      Example path: processorci_top.Processor.ibex_core_2.if_stage_i.prefetch_buffer_i.fifo_i.unaligned_is_compressed
                    /home/gabcro/Code/Processor_CI/cores/soric_project/verilog/rtl/cores/flexbex_ibex_fetch_fifo.v:67:2:      Example path: ALWAYS
                    /home/gabcro/Code/Processor_CI/cores/soric_project/verilog/rtl/cores/flexbex_ibex_fetch_fifo.v:37:13:      Example path: processorci_top.Processor.ibex_core_2.if_stage_i.prefetch_buffer_i.fifo_i.out_valid_o
                    /home/gabcro/Code/Processor_CI/cores/soric_project/verilog/rtl/cores/flexbex_ibex_fetch_fifo.v:37:13:      Example path: ASSIGNW
                    /home/gabcro/Code/Processor_CI/cores/soric_project/verilog/rtl/cores/flexbex_ibex_prefetch_buffer.v:41:14:      Example path: processorci_top.Processor.ibex_core_2.if_stage_i.prefetch_buffer_i.valid_o
                    /home/gabcro/Code/Processor_CI/cores/soric_project/verilog/rtl/cores/flexbex_ibex_prefetch_buffer.v:41:14:      Example path: ASSIGNW
                    /home/gabcro/Code/Processor_CI/cores/soric_project/verilog/rtl/cores/flexbex_ibex_if_stage.v:90:7:      Example path: processorci_top.Processor.ibex_core_2.if_stage_i.fetch_valid
                    /home/gabcro/Code/Processor_CI/cores/soric_project/verilog/rtl/cores/flexbex_ibex_if_stage.v:142:2:      Example path: ASSIGNW
                    /home/gabcro/Code/Processor_CI/cores/soric_project/verilog/rtl/cores/flexbex_ibex_if_stage.v:142:2:      Example path: processorci_top.Processor.__VdfgRegularize_h6e95ff9d_0_134
                    /home/gabcro/Code/Processor_CI/cores/soric_project/verilog/rtl/cores/flexbex_ibex_if_stage.v:142:2:      Example path: ASSIGNW
                    /home/gabcro/Code/Processor_CI/cores/soric_project/verilog/rtl/cores/flexbex_ibex_if_stage.v:142:2:      Example path: processorci_top.Processor.__VdfgSynthAssign___Vtableidx8_h6e95ff9d_0_0
                    /home/gabcro/Code/Processor_CI/cores/soric_project/verilog/rtl/cores/flexbex_ibex_if_stage.v:142:2:      Example path: ASSIGNW
                    /home/gabcro/Code/Processor_CI/cores/soric_project/verilog/rtl/cores/flexbex_ibex_if_stage.v:88:6:      Example path: processorci_top.Processor.ibex_core_2.if_stage_i.branch_req
                    /home/gabcro/Code/Processor_CI/cores/soric_project/verilog/rtl/cores/flexbex_ibex_prefetch_buffer.v:38:13:      Example path: ASSIGNW
                    /home/gabcro/Code/Processor_CI/cores/soric_project/verilog/rtl/cores/flexbex_ibex_prefetch_buffer.v:38:13:      Example path: processorci_top.Processor.ibex_core_2.if_stage_i.prefetch_buffer_i.branch_i
                    /home/gabcro/Code/Processor_CI/cores/soric_project/verilog/rtl/cores/flexbex_ibex_prefetch_buffer.v:75:2:      Example path: ALWAYS
                    /home/gabcro/Code/Processor_CI/cores/soric_project/verilog/rtl/cores/flexbex_ibex_prefetch_buffer.v:44:13:      Example path: processorci_top.Processor.ibex_core_2.if_stage_i.prefetch_buffer_i.instr_req_o
                    /home/gabcro/Code/Processor_CI/cores/soric_project/verilog/rtl/cores/flexbex_ibex_prefetch_buffer.v:44:13:      Example path: ASSIGNW
                    /home/gabcro/Code/Processor_CI/cores/soric_project/verilog/rtl/cores/flexbex_ibex_if_stage.v:59:14:      Example path: processorci_top.Processor.ibex_core_2.if_stage_i.instr_req_o
                    /home/gabcro/Code/Processor_CI/cores/soric_project/verilog/rtl/cores/flexbex_ibex_if_stage.v:59:14:      Example path: ASSIGNW
                    /home/gabcro/Code/Processor_CI/cores/soric_project/verilog/rtl/cores/flexbex_ibex_core.v:82:14:      Example path: processorci_top.Processor.ibex_core_2.instr_req_o
                    /home/gabcro/Code/Processor_CI/cores/soric_project/verilog/rtl/soric/soric_core.v:116:6:      Example path: ASSIGNW
                    /home/gabcro/Code/Processor_CI/cores/soric_project/verilog/rtl/soric/soric_core.v:214:29:      Example path: processorci_top.Processor.master_data_req_to_inter_ro
                    /home/gabcro/Code/Processor_CI/cores/soric_project/verilog/rtl/soric/inter_read.v:41:31:      Example path: ASSIGNW
                    /home/gabcro/Code/Processor_CI/cores/soric_project/verilog/rtl/soric/inter_read.v:41:31:      Example path: processorci_top.Processor.inter_read_i.master_data_req_i
                    /home/gabcro/Code/Processor_CI/cores/soric_project/verilog/rtl/soric/inter_read.v:55:4:      Example path: ALWAYS
%Warning-UNOPTFLAT: /home/gabcro/Code/Processor_CI/cores/soric_project/verilog/rtl/cores/flexbex_ibex_if_stage.v:80:14: Signal unoptimizable: Circular combinational logic: 'processorci_top.Processor.ibex_core_2.if_stage_i.if_valid_o'
                                                                                                                      : ... note: In instance 'processorci_top.Processor'
   80 |  output wire if_valid_o;
      |              ^~~~~~~~~~
                    /home/gabcro/Code/Processor_CI/cores/soric_project/verilog/rtl/cores/flexbex_ibex_core.v:217:1: ... note: In file included from 'flexbex_ibex_core.v'
                    /home/gabcro/Code/Processor_CI/cores/soric_project/verilog/rtl/cores/flexbex_ibex_if_stage.v:80:14:      Example path: processorci_top.Processor.ibex_core_2.if_stage_i.if_valid_o
                    /home/gabcro/Code/Processor_CI/cores/soric_project/verilog/rtl/cores/flexbex_ibex_if_stage.v:142:2:      Example path: ASSIGNW
                    /home/gabcro/Code/Processor_CI/cores/soric_project/verilog/rtl/cores/flexbex_ibex_if_stage.v:142:2:      Example path: processorci_top.Processor.__VdfgSynthAssign___Vtableidx8_h6e95ff9d_0_0
                    /home/gabcro/Code/Processor_CI/cores/soric_project/verilog/rtl/cores/flexbex_ibex_if_stage.v:142:2:      Example path: ASSIGNW
                    /home/gabcro/Code/Processor_CI/cores/soric_project/verilog/rtl/cores/flexbex_ibex_if_stage.v:88:6:      Example path: processorci_top.Processor.ibex_core_2.if_stage_i.branch_req
                    /home/gabcro/Code/Processor_CI/cores/soric_project/verilog/rtl/cores/flexbex_ibex_prefetch_buffer.v:38:13:      Example path: ASSIGNW
                    /home/gabcro/Code/Processor_CI/cores/soric_project/verilog/rtl/cores/flexbex_ibex_prefetch_buffer.v:38:13:      Example path: processorci_top.Processor.ibex_core_2.if_stage_i.prefetch_buffer_i.branch_i
                    /home/gabcro/Code/Processor_CI/cores/soric_project/verilog/rtl/cores/flexbex_ibex_prefetch_buffer.v:75:2:      Example path: ALWAYS
                    /home/gabcro/Code/Processor_CI/cores/soric_project/verilog/rtl/cores/flexbex_ibex_prefetch_buffer.v:44:13:      Example path: processorci_top.Processor.ibex_core_2.if_stage_i.prefetch_buffer_i.instr_req_o
                    /home/gabcro/Code/Processor_CI/cores/soric_project/verilog/rtl/cores/flexbex_ibex_prefetch_buffer.v:44:13:      Example path: ASSIGNW
                    /home/gabcro/Code/Processor_CI/cores/soric_project/verilog/rtl/cores/flexbex_ibex_if_stage.v:59:14:      Example path: processorci_top.Processor.ibex_core_2.if_stage_i.instr_req_o
                    /home/gabcro/Code/Processor_CI/cores/soric_project/verilog/rtl/cores/flexbex_ibex_if_stage.v:59:14:      Example path: ASSIGNW
                    /home/gabcro/Code/Processor_CI/cores/soric_project/verilog/rtl/cores/flexbex_ibex_core.v:82:14:      Example path: processorci_top.Processor.ibex_core_2.instr_req_o
                    /home/gabcro/Code/Processor_CI/cores/soric_project/verilog/rtl/soric/soric_core.v:116:6:      Example path: ASSIGNW
                    /home/gabcro/Code/Processor_CI/cores/soric_project/verilog/rtl/soric/soric_core.v:214:29:      Example path: processorci_top.Processor.master_data_req_to_inter_ro
                    /home/gabcro/Code/Processor_CI/cores/soric_project/verilog/rtl/soric/inter_read.v:41:31:      Example path: ASSIGNW
                    /home/gabcro/Code/Processor_CI/cores/soric_project/verilog/rtl/soric/inter_read.v:41:31:      Example path: processorci_top.Processor.inter_read_i.master_data_req_i
                    /home/gabcro/Code/Processor_CI/cores/soric_project/verilog/rtl/soric/inter_read.v:55:4:      Example path: ALWAYS
                    /home/gabcro/Code/Processor_CI/cores/soric_project/verilog/rtl/soric/inter_read.v:51:37:      Example path: processorci_top.Processor.inter_read_i.arbiter_request
                    /home/gabcro/Code/Processor_CI/cores/soric_project/verilog/rtl/soric/inter_read.v:90:4:      Example path: ALWAYS
                    /home/gabcro/Code/Processor_CI/cores/soric_project/verilog/rtl/soric/inter_read.v:43:46:      Example path: processorci_top.Processor.inter_read_i.master_data_rdata_o
                    /home/gabcro/Code/Processor_CI/cores/soric_project/verilog/rtl/soric/inter_read.v:43:46:      Example path: ASSIGNW
                    /home/gabcro/Code/Processor_CI/cores/soric_project/verilog/rtl/soric/soric_core.v:216:35:      Example path: processorci_top.Processor.master_data_rdata_to_inter_ro
                    /home/gabcro/Code/Processor_CI/cores/soric_project/verilog/rtl/cores/flexbex_ibex_core.v:86:20:      Example path: ASSIGNW
                    /home/gabcro/Code/Processor_CI/cores/soric_project/verilog/rtl/cores/flexbex_ibex_core.v:86:20:      Example path: processorci_top.Processor.ibex_core_2.instr_rdata_i
                    /home/gabcro/Code/Processor_CI/cores/soric_project/verilog/rtl/cores/flexbex_ibex_if_stage.v:63:20:      Example path: ASSIGNW
                    /home/gabcro/Code/Processor_CI/cores/soric_project/verilog/rtl/cores/flexbex_ibex_if_stage.v:63:20:      Example path: processorci_top.Processor.ibex_core_2.if_stage_i.instr_rdata_i
                    /home/gabcro/Code/Processor_CI/cores/soric_project/verilog/rtl/cores/flexbex_ibex_prefetch_buffer.v:47:20:      Example path: ASSIGNW
                    /home/gabcro/Code/Processor_CI/cores/soric_project/verilog/rtl/cores/flexbex_ibex_prefetch_buffer.v:47:20:      Example path: processorci_top.Processor.ibex_core_2.if_stage_i.prefetch_buffer_i.instr_rdata_i
                    /home/gabcro/Code/Processor_CI/cores/soric_project/verilog/rtl/cores/flexbex_ibex_fetch_fifo.v:34:20:      Example path: ASSIGNW
                    /home/gabcro/Code/Processor_CI/cores/soric_project/verilog/rtl/cores/flexbex_ibex_fetch_fifo.v:34:20:      Example path: processorci_top.Processor.ibex_core_2.if_stage_i.prefetch_buffer_i.fifo_i.in_rdata_i
                    /home/gabcro/Code/Processor_CI/cores/soric_project/verilog/rtl/cores/flexbex_ibex_fetch_fifo.v:60:15:      Example path: ASSIGNW
                    /home/gabcro/Code/Processor_CI/cores/soric_project/verilog/rtl/cores/flexbex_ibex_fetch_fifo.v:53:14:      Example path: processorci_top.Processor.ibex_core_2.if_stage_i.prefetch_buffer_i.fifo_i.rdata
                    /home/gabcro/Code/Processor_CI/cores/soric_project/verilog/rtl/cores/flexbex_ibex_fetch_fifo.v:64:33:      Example path: ASSIGNW
                    /home/gabcro/Code/Processor_CI/cores/soric_project/verilog/rtl/cores/flexbex_ibex_fetch_fifo.v:58:7:      Example path: processorci_top.Processor.ibex_core_2.if_stage_i.prefetch_buffer_i.fifo_i.unaligned_is_compressed
                    /home/gabcro/Code/Processor_CI/cores/soric_project/verilog/rtl/cores/flexbex_ibex_fetch_fifo.v:67:2:      Example path: ALWAYS
                    /home/gabcro/Code/Processor_CI/cores/soric_project/verilog/rtl/cores/flexbex_ibex_fetch_fifo.v:37:13:      Example path: processorci_top.Processor.ibex_core_2.if_stage_i.prefetch_buffer_i.fifo_i.out_valid_o
                    /home/gabcro/Code/Processor_CI/cores/soric_project/verilog/rtl/cores/flexbex_ibex_fetch_fifo.v:37:13:      Example path: ASSIGNW
                    /home/gabcro/Code/Processor_CI/cores/soric_project/verilog/rtl/cores/flexbex_ibex_prefetch_buffer.v:41:14:      Example path: processorci_top.Processor.ibex_core_2.if_stage_i.prefetch_buffer_i.valid_o
                    /home/gabcro/Code/Processor_CI/cores/soric_project/verilog/rtl/cores/flexbex_ibex_prefetch_buffer.v:41:14:      Example path: ASSIGNW
                    /home/gabcro/Code/Processor_CI/cores/soric_project/verilog/rtl/cores/flexbex_ibex_if_stage.v:90:7:      Example path: processorci_top.Processor.ibex_core_2.if_stage_i.fetch_valid
                    /home/gabcro/Code/Processor_CI/cores/soric_project/verilog/rtl/cores/flexbex_ibex_if_stage.v:142:2:      Example path: ASSIGNW
                    /home/gabcro/Code/Processor_CI/cores/soric_project/verilog/rtl/cores/flexbex_ibex_if_stage.v:142:2:      Example path: processorci_top.Processor.__VdfgRegularize_h6e95ff9d_0_134
                    /home/gabcro/Code/Processor_CI/cores/soric_project/verilog/rtl/cores/flexbex_ibex_if_stage.v:142:2:      Example path: ASSIGNW
%Warning-UNOPTFLAT: /home/gabcro/Code/Processor_CI/cores/soric_project/verilog/rtl/cores/flexbex_ibex_id_stage.v:218:7: Signal unoptimizable: Circular combinational logic: 'processorci_top.Processor.ibex_core_2.id_stage_i.mult_int_en'
                                                                                                                      : ... note: In instance 'processorci_top.Processor'
  218 |  wire mult_int_en;
      |       ^~~~~~~~~~~
                    /home/gabcro/Code/Processor_CI/cores/soric_project/verilog/rtl/cores/flexbex_ibex_core.v:250:1: ... note: In file included from 'flexbex_ibex_core.v'
                    /home/gabcro/Code/Processor_CI/cores/soric_project/verilog/rtl/cores/flexbex_ibex_id_stage.v:218:7:      Example path: processorci_top.Processor.ibex_core_2.id_stage_i.mult_int_en
                    /home/gabcro/Code/Processor_CI/cores/soric_project/verilog/rtl/cores/flexbex_ibex_id_stage.v:413:22:      Example path: ASSIGNW
                    /home/gabcro/Code/Processor_CI/cores/soric_project/verilog/rtl/cores/flexbex_ibex_id_stage.v:124:14:      Example path: processorci_top.Processor.ibex_core_2.id_stage_i.mult_en_ex_o
                    /home/gabcro/Code/Processor_CI/cores/soric_project/verilog/rtl/cores/flexbex_ibex_id_stage.v:124:14:      Example path: ASSIGNW
                    /home/gabcro/Code/Processor_CI/cores/soric_project/verilog/rtl/cores/flexbex_ibex_core.v:149:7:      Example path: processorci_top.Processor.ibex_core_2.mult_en_ex
                    /home/gabcro/Code/Processor_CI/cores/soric_project/verilog/rtl/cores/flexbex_ibex_ex_block.v:57:13:      Example path: ASSIGNW
                    /home/gabcro/Code/Processor_CI/cores/soric_project/verilog/rtl/cores/flexbex_ibex_ex_block.v:57:13:      Example path: processorci_top.Processor.ibex_core_2.ex_block_i.mult_en_i
                    /home/gabcro/Code/Processor_CI/cores/soric_project/verilog/rtl/cores/flexbex_ibex_ex_block.v:94:22:      Example path: ASSIGNW
                    /home/gabcro/Code/Processor_CI/cores/soric_project/verilog/rtl/cores/flexbex_ibex_ex_block.v:90:7:      Example path: processorci_top.Processor.ibex_core_2.ex_block_i.multdiv_en
                    /home/gabcro/Code/Processor_CI/cores/soric_project/verilog/rtl/cores/flexbex_ibex_ex_block.v:151:27:      Example path: ASSIGNW
                    /home/gabcro/Code/Processor_CI/cores/soric_project/verilog/rtl/cores/flexbex_ibex_ex_block.v:78:13:      Example path: processorci_top.Processor.ibex_core_2.ex_block_i.ex_ready_o
                    /home/gabcro/Code/Processor_CI/cores/soric_project/verilog/rtl/cores/flexbex_ibex_ex_block.v:78:13:      Example path: ASSIGNW
                    /home/gabcro/Code/Processor_CI/cores/soric_project/verilog/rtl/cores/flexbex_ibex_core.v:171:7:      Example path: processorci_top.Processor.ibex_core_2.ex_ready
                    /home/gabcro/Code/Processor_CI/cores/soric_project/verilog/rtl/cores/flexbex_ibex_id_stage.v:119:13:      Example path: ASSIGNW
                    /home/gabcro/Code/Processor_CI/cores/soric_project/verilog/rtl/cores/flexbex_ibex_id_stage.v:119:13:      Example path: processorci_top.Processor.ibex_core_2.id_stage_i.ex_ready_i
                    /home/gabcro/Code/Processor_CI/cores/soric_project/verilog/rtl/cores/flexbex_ibex_id_stage.v:433:2:      Example path: ALWAYS
                    /home/gabcro/Code/Processor_CI/cores/soric_project/verilog/rtl/cores/flexbex_ibex_id_stage.v:186:6:      Example path: processorci_top.Processor.ibex_core_2.id_stage_i.instr_multicyle
                    /home/gabcro/Code/Processor_CI/cores/soric_project/verilog/rtl/cores/flexbex_ibex_controller.v:98:13:      Example path: ASSIGNW
                    /home/gabcro/Code/Processor_CI/cores/soric_project/verilog/rtl/cores/flexbex_ibex_controller.v:98:13:      Example path: processorci_top.Processor.ibex_core_2.id_stage_i.controller_i.instr_multicyle_i
                    /home/gabcro/Code/Processor_CI/cores/soric_project/verilog/rtl/cores/flexbex_ibex_controller.v:134:2:      Example path: ALWAYS
                    /home/gabcro/Code/Processor_CI/cores/soric_project/verilog/rtl/cores/flexbex_ibex_controller.v:92:19:      Example path: processorci_top.Processor.ibex_core_2.id_stage_i.controller_i.pc_mux_o
                    /home/gabcro/Code/Processor_CI/cores/soric_project/verilog/rtl/cores/flexbex_ibex_controller.v:92:19:      Example path: ASSIGNW
                    /home/gabcro/Code/Processor_CI/cores/soric_project/verilog/rtl/cores/flexbex_ibex_id_stage.v:112:20:      Example path: processorci_top.Processor.ibex_core_2.id_stage_i.pc_mux_o
                    /home/gabcro/Code/Processor_CI/cores/soric_project/verilog/rtl/cores/flexbex_ibex_id_stage.v:112:20:      Example path: ASSIGNW
                    /home/gabcro/Code/Processor_CI/cores/soric_project/verilog/rtl/cores/flexbex_ibex_core.v:127:13:      Example path: processorci_top.Processor.ibex_core_2.pc_mux_id
                    /home/gabcro/Code/Processor_CI/cores/soric_project/verilog/rtl/cores/flexbex_ibex_if_stage.v:74:19:      Example path: ASSIGNW
                    /home/gabcro/Code/Processor_CI/cores/soric_project/verilog/rtl/cores/flexbex_ibex_if_stage.v:74:19:      Example path: processorci_top.Processor.ibex_core_2.if_stage_i.pc_mux_i
                    /home/gabcro/Code/Processor_CI/cores/soric_project/verilog/rtl/cores/flexbex_ibex_if_stage.v:108:2:      Example path: ALWAYS
                    /home/gabcro/Code/Processor_CI/cores/soric_project/verilog/rtl/cores/flexbex_ibex_if_stage.v:89:13:      Example path: processorci_top.Processor.ibex_core_2.if_stage_i.fetch_addr_n
                    /home/gabcro/Code/Processor_CI/cores/soric_project/verilog/rtl/cores/flexbex_ibex_prefetch_buffer.v:39:20:      Example path: ASSIGNW
                    /home/gabcro/Code/Processor_CI/cores/soric_project/verilog/rtl/cores/flexbex_ibex_prefetch_buffer.v:39:20:      Example path: processorci_top.Processor.ibex_core_2.if_stage_i.prefetch_buffer_i.addr_i
                    /home/gabcro/Code/Processor_CI/cores/soric_project/verilog/rtl/cores/flexbex_ibex_prefetch_buffer.v:75:2:      Example path: ALWAYS
                    /home/gabcro/Code/Processor_CI/cores/soric_project/verilog/rtl/cores/flexbex_ibex_prefetch_buffer.v:46:20:      Example path: processorci_top.Processor.ibex_core_2.if_stage_i.prefetch_buffer_i.instr_addr_o
                    /home/gabcro/Code/Processor_CI/cores/soric_project/verilog/rtl/cores/flexbex_ibex_prefetch_buffer.v:46:20:      Example path: ASSIGNW
                    /home/gabcro/Code/Processor_CI/cores/soric_project/verilog/rtl/cores/flexbex_ibex_if_stage.v:60:21:      Example path: processorci_top.Processor.ibex_core_2.if_stage_i.instr_addr_o
                    /home/gabcro/Code/Processor_CI/cores/soric_project/verilog/rtl/cores/flexbex_ibex_if_stage.v:60:21:      Example path: ASSIGNW
                    /home/gabcro/Code/Processor_CI/cores/soric_project/verilog/rtl/cores/flexbex_ibex_core.v:85:21:      Example path: processorci_top.Processor.ibex_core_2.instr_addr_o
                    /home/gabcro/Code/Processor_CI/cores/soric_project/verilog/rtl/soric/soric_core.v:119:6:      Example path: ASSIGNW
                    /home/gabcro/Code/Processor_CI/cores/soric_project/verilog/rtl/soric/soric_core.v:215:52:      Example path: processorci_top.Processor.master_data_addr_to_inter_ro
                    /home/gabcro/Code/Processor_CI/cores/soric_project/verilog/rtl/soric/inter_read.v:42:48:      Example path: ASSIGNW
                    /home/gabcro/Code/Processor_CI/cores/soric_project/verilog/rtl/soric/inter_read.v:42:48:      Example path: processorci_top.Processor.inter_read_i.master_data_addr_i
                    /home/gabcro/Code/Processor_CI/cores/soric_project/verilog/rtl/soric/inter_read.v:55:4:      Example path: ALWAYS
                    /home/gabcro/Code/Processor_CI/cores/soric_project/verilog/rtl/soric/inter_read.v:51:37:      Example path: processorci_top.Processor.inter_read_i.arbiter_request
                    /home/gabcro/Code/Processor_CI/cores/soric_project/verilog/rtl/soric/inter_read.v:90:4:      Example path: ALWAYS
                    /home/gabcro/Code/Processor_CI/cores/soric_project/verilog/rtl/soric/inter_read.v:43:46:      Example path: processorci_top.Processor.inter_read_i.master_data_rdata_o
                    /home/gabcro/Code/Processor_CI/cores/soric_project/verilog/rtl/soric/inter_read.v:43:46:      Example path: ASSIGNW
                    /home/gabcro/Code/Processor_CI/cores/soric_project/verilog/rtl/soric/soric_core.v:216:35:      Example path: processorci_top.Processor.master_data_rdata_to_inter_ro
                    /home/gabcro/Code/Processor_CI/cores/soric_project/verilog/rtl/cores/flexbex_ibex_core.v:86:20:      Example path: ASSIGNW
                    /home/gabcro/Code/Processor_CI/cores/soric_project/verilog/rtl/cores/flexbex_ibex_core.v:86:20:      Example path: processorci_top.Processor.ibex_core_2.instr_rdata_i
                    /home/gabcro/Code/Processor_CI/cores/soric_project/verilog/rtl/cores/flexbex_ibex_if_stage.v:63:20:      Example path: ASSIGNW
                    /home/gabcro/Code/Processor_CI/cores/soric_project/verilog/rtl/cores/flexbex_ibex_if_stage.v:63:20:      Example path: processorci_top.Processor.ibex_core_2.if_stage_i.instr_rdata_i
                    /home/gabcro/Code/Processor_CI/cores/soric_project/verilog/rtl/cores/flexbex_ibex_prefetch_buffer.v:47:20:      Example path: ASSIGNW
                    /home/gabcro/Code/Processor_CI/cores/soric_project/verilog/rtl/cores/flexbex_ibex_prefetch_buffer.v:47:20:      Example path: processorci_top.Processor.ibex_core_2.if_stage_i.prefetch_buffer_i.instr_rdata_i
                    /home/gabcro/Code/Processor_CI/cores/soric_project/verilog/rtl/cores/flexbex_ibex_fetch_fifo.v:34:20:      Example path: ASSIGNW
                    /home/gabcro/Code/Processor_CI/cores/soric_project/verilog/rtl/cores/flexbex_ibex_fetch_fifo.v:34:20:      Example path: processorci_top.Processor.ibex_core_2.if_stage_i.prefetch_buffer_i.fifo_i.in_rdata_i
                    /home/gabcro/Code/Processor_CI/cores/soric_project/verilog/rtl/cores/flexbex_ibex_fetch_fifo.v:60:15:      Example path: ASSIGNW
                    /home/gabcro/Code/Processor_CI/cores/soric_project/verilog/rtl/cores/flexbex_ibex_fetch_fifo.v:53:14:      Example path: processorci_top.Processor.ibex_core_2.if_stage_i.prefetch_buffer_i.fifo_i.rdata
                    /home/gabcro/Code/Processor_CI/cores/soric_project/verilog/rtl/cores/flexbex_ibex_fetch_fifo.v:64:33:      Example path: ASSIGNW
                    /home/gabcro/Code/Processor_CI/cores/soric_project/verilog/rtl/cores/flexbex_ibex_fetch_fifo.v:58:7:      Example path: processorci_top.Processor.ibex_core_2.if_stage_i.prefetch_buffer_i.fifo_i.unaligned_is_compressed
                    /home/gabcro/Code/Processor_CI/cores/soric_project/verilog/rtl/cores/flexbex_ibex_fetch_fifo.v:67:2:      Example path: ALWAYS
                    /home/gabcro/Code/Processor_CI/cores/soric_project/verilog/rtl/cores/flexbex_ibex_fetch_fifo.v:37:13:      Example path: processorci_top.Processor.ibex_core_2.if_stage_i.prefetch_buffer_i.fifo_i.out_valid_o
                    /home/gabcro/Code/Processor_CI/cores/soric_project/verilog/rtl/cores/flexbex_ibex_fetch_fifo.v:37:13:      Example path: ASSIGNW
                    /home/gabcro/Code/Processor_CI/cores/soric_project/verilog/rtl/cores/flexbex_ibex_prefetch_buffer.v:41:14:      Example path: processorci_top.Processor.ibex_core_2.if_stage_i.prefetch_buffer_i.valid_o
                    /home/gabcro/Code/Processor_CI/cores/soric_project/verilog/rtl/cores/flexbex_ibex_prefetch_buffer.v:41:14:      Example path: ASSIGNW
                    /home/gabcro/Code/Processor_CI/cores/soric_project/verilog/rtl/cores/flexbex_ibex_if_stage.v:90:7:      Example path: processorci_top.Processor.ibex_core_2.if_stage_i.fetch_valid
                    /home/gabcro/Code/Processor_CI/cores/soric_project/verilog/rtl/cores/flexbex_ibex_if_stage.v:142:2:      Example path: ASSIGNW
                    /home/gabcro/Code/Processor_CI/cores/soric_project/verilog/rtl/cores/flexbex_ibex_if_stage.v:142:2:      Example path: processorci_top.Processor.__VdfgRegularize_h6e95ff9d_0_134
                    /home/gabcro/Code/Processor_CI/cores/soric_project/verilog/rtl/cores/flexbex_ibex_if_stage.v:142:2:      Example path: ASSIGNW
                    /home/gabcro/Code/Processor_CI/cores/soric_project/verilog/rtl/cores/flexbex_ibex_if_stage.v:142:2:      Example path: processorci_top.Processor.__VdfgSynthAssign___Vtableidx8_h6e95ff9d_0_0
                    /home/gabcro/Code/Processor_CI/cores/soric_project/verilog/rtl/cores/flexbex_ibex_if_stage.v:142:2:      Example path: ASSIGNW
                    /home/gabcro/Code/Processor_CI/cores/soric_project/verilog/rtl/cores/flexbex_ibex_if_stage.v:88:6:      Example path: processorci_top.Processor.ibex_core_2.if_stage_i.branch_req
                    /home/gabcro/Code/Processor_CI/cores/soric_project/verilog/rtl/cores/flexbex_ibex_prefetch_buffer.v:38:13:      Example path: ASSIGNW
                    /home/gabcro/Code/Processor_CI/cores/soric_project/verilog/rtl/cores/flexbex_ibex_prefetch_buffer.v:38:13:      Example path: processorci_top.Processor.ibex_core_2.if_stage_i.prefetch_buffer_i.branch_i
                    /home/gabcro/Code/Processor_CI/cores/soric_project/verilog/rtl/cores/flexbex_ibex_prefetch_buffer.v:75:2:      Example path: ALWAYS
                    /home/gabcro/Code/Processor_CI/cores/soric_project/verilog/rtl/cores/flexbex_ibex_prefetch_buffer.v:44:13:      Example path: processorci_top.Processor.ibex_core_2.if_stage_i.prefetch_buffer_i.instr_req_o
                    /home/gabcro/Code/Processor_CI/cores/soric_project/verilog/rtl/cores/flexbex_ibex_prefetch_buffer.v:44:13:      Example path: ASSIGNW
                    /home/gabcro/Code/Processor_CI/cores/soric_project/verilog/rtl/cores/flexbex_ibex_if_stage.v:59:14:      Example path: processorci_top.Processor.ibex_core_2.if_stage_i.instr_req_o
                    /home/gabcro/Code/Processor_CI/cores/soric_project/verilog/rtl/cores/flexbex_ibex_if_stage.v:59:14:      Example path: ASSIGNW
                    /home/gabcro/Code/Processor_CI/cores/soric_project/verilog/rtl/cores/flexbex_ibex_core.v:82:14:      Example path: processorci_top.Processor.ibex_core_2.instr_req_o
                    /home/gabcro/Code/Processor_CI/cores/soric_project/verilog/rtl/soric/soric_core.v:116:6:      Example path: ASSIGNW
                    /home/gabcro/Code/Processor_CI/cores/soric_project/verilog/rtl/soric/soric_core.v:214:29:      Example path: processorci_top.Processor.master_data_req_to_inter_ro
                    /home/gabcro/Code/Processor_CI/cores/soric_project/verilog/rtl/soric/inter_read.v:41:31:      Example path: ASSIGNW
                    /home/gabcro/Code/Processor_CI/cores/soric_project/verilog/rtl/soric/inter_read.v:41:31:      Example path: processorci_top.Processor.inter_read_i.master_data_req_i
                    /home/gabcro/Code/Processor_CI/cores/soric_project/verilog/rtl/soric/inter_read.v:55:4:      Example path: ALWAYS
%Warning-UNOPTFLAT: /home/gabcro/Code/Processor_CI/cores/soric_project/verilog/rtl/cores/flexbex_ibex_id_stage.v:219:7: Signal unoptimizable: Circular combinational logic: 'processorci_top.Processor.ibex_core_2.id_stage_i.div_int_en'
                                                                                                                      : ... note: In instance 'processorci_top.Processor'
  219 |  wire div_int_en;
      |       ^~~~~~~~~~
                    /home/gabcro/Code/Processor_CI/cores/soric_project/verilog/rtl/cores/flexbex_ibex_core.v:250:1: ... note: In file included from 'flexbex_ibex_core.v'
                    /home/gabcro/Code/Processor_CI/cores/soric_project/verilog/rtl/cores/flexbex_ibex_id_stage.v:219:7:      Example path: processorci_top.Processor.ibex_core_2.id_stage_i.div_int_en
                    /home/gabcro/Code/Processor_CI/cores/soric_project/verilog/rtl/cores/flexbex_ibex_id_stage.v:414:21:      Example path: ASSIGNW
                    /home/gabcro/Code/Processor_CI/cores/soric_project/verilog/rtl/cores/flexbex_ibex_id_stage.v:125:14:      Example path: processorci_top.Processor.ibex_core_2.id_stage_i.div_en_ex_o
                    /home/gabcro/Code/Processor_CI/cores/soric_project/verilog/rtl/cores/flexbex_ibex_id_stage.v:125:14:      Example path: ASSIGNW
                    /home/gabcro/Code/Processor_CI/cores/soric_project/verilog/rtl/cores/flexbex_ibex_core.v:150:7:      Example path: processorci_top.Processor.ibex_core_2.div_en_ex
                    /home/gabcro/Code/Processor_CI/cores/soric_project/verilog/rtl/cores/flexbex_ibex_ex_block.v:58:13:      Example path: ASSIGNW
                    /home/gabcro/Code/Processor_CI/cores/soric_project/verilog/rtl/cores/flexbex_ibex_ex_block.v:58:13:      Example path: processorci_top.Processor.ibex_core_2.ex_block_i.div_en_i
                    /home/gabcro/Code/Processor_CI/cores/soric_project/verilog/rtl/cores/flexbex_ibex_ex_block.v:93:26:      Example path: ASSIGNW
                    /home/gabcro/Code/Processor_CI/cores/soric_project/verilog/rtl/cores/flexbex_ibex_ex_block.v:89:7:      Example path: processorci_top.Processor.ibex_core_2.ex_block_i.multdiv_en_sel
                    /home/gabcro/Code/Processor_CI/cores/soric_project/verilog/rtl/cores/flexbex_ibex_alu.v:39:13:      Example path: ASSIGNW
                    /home/gabcro/Code/Processor_CI/cores/soric_project/verilog/rtl/cores/flexbex_ibex_alu.v:39:13:      Example path: processorci_top.Processor.ibex_core_2.ex_block_i.alu_i.multdiv_en_i
                    /home/gabcro/Code/Processor_CI/cores/soric_project/verilog/rtl/cores/flexbex_ibex_alu.v:65:20:      Example path: ASSIGNW
                    /home/gabcro/Code/Processor_CI/cores/soric_project/verilog/rtl/cores/flexbex_ibex_alu.v:54:14:      Example path: processorci_top.Processor.ibex_core_2.ex_block_i.alu_i.adder_in_a
                    /home/gabcro/Code/Processor_CI/cores/soric_project/verilog/rtl/cores/flexbex_ibex_alu.v:68:28:      Example path: ASSIGNW
                    /home/gabcro/Code/Processor_CI/cores/soric_project/verilog/rtl/cores/flexbex_ibex_alu.v:41:21:      Example path: processorci_top.Processor.ibex_core_2.ex_block_i.alu_i.adder_result_ext_o
                    /home/gabcro/Code/Processor_CI/cores/soric_project/verilog/rtl/cores/flexbex_ibex_alu.v:69:22:      Example path: ASSIGNW
                    /home/gabcro/Code/Processor_CI/cores/soric_project/verilog/rtl/cores/flexbex_ibex_alu.v:56:14:      Example path: processorci_top.Processor.ibex_core_2.ex_block_i.alu_i.adder_result
                    /home/gabcro/Code/Processor_CI/cores/soric_project/verilog/rtl/cores/flexbex_ibex_alu.v:70:24:      Example path: ASSIGNW
                    /home/gabcro/Code/Processor_CI/cores/soric_project/verilog/rtl/cores/flexbex_ibex_alu.v:40:21:      Example path: processorci_top.Processor.ibex_core_2.ex_block_i.alu_i.adder_result_o
                    /home/gabcro/Code/Processor_CI/cores/soric_project/verilog/rtl/cores/flexbex_ibex_alu.v:40:21:      Example path: ASSIGNW
                    /home/gabcro/Code/Processor_CI/cores/soric_project/verilog/rtl/cores/flexbex_ibex_ex_block.v:72:21:      Example path: processorci_top.Processor.ibex_core_2.ex_block_i.alu_adder_result_ex_o
                    /home/gabcro/Code/Processor_CI/cores/soric_project/verilog/rtl/cores/flexbex_ibex_ex_block.v:72:21:      Example path: ASSIGNW
                    /home/gabcro/Code/Processor_CI/cores/soric_project/verilog/rtl/cores/flexbex_ibex_core.v:147:14:      Example path: processorci_top.Processor.ibex_core_2.alu_adder_result_ex
                    /home/gabcro/Code/Processor_CI/cores/soric_project/verilog/rtl/cores/flexbex_ibex_load_store_unit.v:69:20:      Example path: ASSIGNW
                    /home/gabcro/Code/Processor_CI/cores/soric_project/verilog/rtl/cores/flexbex_ibex_load_store_unit.v:69:20:      Example path: processorci_top.Processor.ibex_core_2.load_store_unit_i.adder_result_ex_i
                    /home/gabcro/Code/Processor_CI/cores/soric_project/verilog/rtl/cores/flexbex_ibex_load_store_unit.v:315:23:      Example path: ASSIGNW
                    /home/gabcro/Code/Processor_CI/cores/soric_project/verilog/rtl/cores/flexbex_ibex_load_store_unit.v:77:14:      Example path: processorci_top.Processor.ibex_core_2.load_store_unit_i.data_addr_int
                    /home/gabcro/Code/Processor_CI/cores/soric_project/verilog/rtl/cores/flexbex_ibex_load_store_unit.v:301:2:      Example path: ALWAYS
                    /home/gabcro/Code/Processor_CI/cores/soric_project/verilog/rtl/cores/flexbex_ibex_load_store_unit.v:86:6:      Example path: processorci_top.Processor.ibex_core_2.load_store_unit_i.data_misaligned
                    /home/gabcro/Code/Processor_CI/cores/soric_project/verilog/rtl/cores/flexbex_ibex_load_store_unit.v:239:2:      Example path: ASSIGNW
                    /home/gabcro/Code/Processor_CI/cores/soric_project/verilog/rtl/cores/flexbex_ibex_load_store_unit.v:239:2:      Example path: processorci_top.Processor.__VdfgRegularize_h6e95ff9d_0_5
                    /home/gabcro/Code/Processor_CI/cores/soric_project/verilog/rtl/cores/flexbex_ibex_load_store_unit.v:239:2:      Example path: ASSIGNW
                    /home/gabcro/Code/Processor_CI/cores/soric_project/verilog/rtl/cores/flexbex_ibex_load_store_unit.v:53:13:      Example path: processorci_top.Processor.ibex_core_2.load_store_unit_i.data_req_o
                    /home/gabcro/Code/Processor_CI/cores/soric_project/verilog/rtl/cores/flexbex_ibex_load_store_unit.v:53:13:      Example path: ASSIGNW
                    /home/gabcro/Code/Processor_CI/cores/soric_project/verilog/rtl/cores/flexbex_ibex_core.v:87:14:      Example path: processorci_top.Processor.ibex_core_2.data_req_o
                    /home/gabcro/Code/Processor_CI/cores/soric_project/verilog/rtl/soric/soric_core.v:124:6:      Example path: ASSIGNW
                    /home/gabcro/Code/Processor_CI/cores/soric_project/verilog/rtl/soric/soric_core.v:79:48:      Example path: processorci_top.Processor.master_data_req_to_inter
                    /home/gabcro/Code/Processor_CI/cores/soric_project/verilog/rtl/soric/inter.v:53:58:      Example path: ASSIGNW
                    /home/gabcro/Code/Processor_CI/cores/soric_project/verilog/rtl/soric/inter.v:53:58:      Example path: processorci_top.Processor.inter_i.master_data_req_i
                    /home/gabcro/Code/Processor_CI/cores/soric_project/verilog/rtl/soric/inter.v:116:33:      Example path: ALWAYS
                    /home/gabcro/Code/Processor_CI/cores/soric_project/verilog/rtl/soric/inter.v:59:58:      Example path: processorci_top.Processor.inter_i.slave_data_addr_o
                    /home/gabcro/Code/Processor_CI/cores/soric_project/verilog/rtl/soric/inter.v:59:58:      Example path: ASSIGNW
                    /home/gabcro/Code/Processor_CI/cores/soric_project/verilog/rtl/soric/soric_core.v:89:48:      Example path: processorci_top.Processor.slave_data_addr_to_inter
                    /home/gabcro/Code/Processor_CI/cores/soric_project/verilog/rtl/soric/soric_core.v:276:36:      Example path: ASSIGNW
                    /home/gabcro/Code/Processor_CI/cores/soric_project/verilog/rtl/mem/sky130_sram_2kbyte_1rw1r_32x512_8.v:34:27:      Example path: processorci_top.Processor.sram_1_i.addr0
                    /home/gabcro/Code/Processor_CI/cores/soric_project/verilog/rtl/mem/sky130_sram_2kbyte_1rw1r_32x512_8.v:105:3:      Example path: ALWAYS
                    /home/gabcro/Code/Processor_CI/cores/soric_project/verilog/rtl/mem/sky130_sram_2kbyte_1rw1r_32x512_8.v:36:27:      Example path: processorci_top.Processor.sram_1_i.dout0
                    /home/gabcro/Code/Processor_CI/cores/soric_project/verilog/rtl/soric/soric_core.v:278:6:      Example path: ASSIGNW
                    /home/gabcro/Code/Processor_CI/cores/soric_project/verilog/rtl/soric/soric_core.v:93:48:      Example path: processorci_top.Processor.slave_data_rdata_to_inter
                    /home/gabcro/Code/Processor_CI/cores/soric_project/verilog/rtl/soric/inter.v:64:58:      Example path: ASSIGNW
                    /home/gabcro/Code/Processor_CI/cores/soric_project/verilog/rtl/soric/inter.v:64:58:      Example path: processorci_top.Processor.inter_i.slave_data_rdata_i
                    /home/gabcro/Code/Processor_CI/cores/soric_project/verilog/rtl/soric/inter.v:149:25:      Example path: ALWAYS
                    /home/gabcro/Code/Processor_CI/cores/soric_project/verilog/rtl/soric/inter.v:56:58:      Example path: processorci_top.Processor.inter_i.master_data_rvalid_o
                    /home/gabcro/Code/Processor_CI/cores/soric_project/verilog/rtl/soric/inter.v:56:58:      Example path: ASSIGNW
                    /home/gabcro/Code/Processor_CI/cores/soric_project/verilog/rtl/soric/soric_core.v:85:48:      Example path: processorci_top.Processor.master_data_rvalid_to_inter
                    /home/gabcro/Code/Processor_CI/cores/soric_project/verilog/rtl/cores/flexbex_ibex_core.v:89:13:      Example path: ASSIGNW
                    /home/gabcro/Code/Processor_CI/cores/soric_project/verilog/rtl/cores/flexbex_ibex_core.v:89:13:      Example path: processorci_top.Processor.ibex_core_2.data_rvalid_i
                    /home/gabcro/Code/Processor_CI/cores/soric_project/verilog/rtl/cores/flexbex_ibex_load_store_unit.v:55:13:      Example path: ASSIGNW
                    /home/gabcro/Code/Processor_CI/cores/soric_project/verilog/rtl/cores/flexbex_ibex_load_store_unit.v:55:13:      Example path: processorci_top.Processor.ibex_core_2.load_store_unit_i.data_rvalid_i
                    /home/gabcro/Code/Processor_CI/cores/soric_project/verilog/rtl/cores/flexbex_ibex_load_store_unit.v:239:2:      Example path: ASSIGNW
%Warning-UNOPTFLAT: /home/gabcro/Code/Processor_CI/cores/soric_project/verilog/rtl/cores/flexbex_ibex_id_stage.v:149:13: Signal unoptimizable: Circular combinational logic: 'processorci_top.Processor.ibex_core_2.id_stage_i.data_misaligned_i'
                                                                                                                       : ... note: In instance 'processorci_top.Processor'
  149 |  input wire data_misaligned_i;
      |             ^~~~~~~~~~~~~~~~~
                    /home/gabcro/Code/Processor_CI/cores/soric_project/verilog/rtl/cores/flexbex_ibex_core.v:250:1: ... note: In file included from 'flexbex_ibex_core.v'
                    /home/gabcro/Code/Processor_CI/cores/soric_project/verilog/rtl/cores/flexbex_ibex_id_stage.v:149:13:      Example path: processorci_top.Processor.ibex_core_2.id_stage_i.data_misaligned_i
                    /home/gabcro/Code/Processor_CI/cores/soric_project/verilog/rtl/cores/flexbex_ibex_id_stage.v:270:19:      Example path: ASSIGNW
                    /home/gabcro/Code/Processor_CI/cores/soric_project/verilog/rtl/cores/flexbex_ibex_id_stage.v:202:13:      Example path: processorci_top.Processor.ibex_core_2.id_stage_i.imm_b
                    /home/gabcro/Code/Processor_CI/cores/soric_project/verilog/rtl/cores/flexbex_ibex_id_stage.v:273:23:      Example path: ASSIGNW
                    /home/gabcro/Code/Processor_CI/cores/soric_project/verilog/rtl/cores/flexbex_ibex_id_stage.v:239:14:      Example path: processorci_top.Processor.ibex_core_2.id_stage_i.alu_operand_b
                    /home/gabcro/Code/Processor_CI/cores/soric_project/verilog/rtl/cores/flexbex_ibex_id_stage.v:410:28:      Example path: ASSIGNW
                    /home/gabcro/Code/Processor_CI/cores/soric_project/verilog/rtl/cores/flexbex_ibex_id_stage.v:123:21:      Example path: processorci_top.Processor.ibex_core_2.id_stage_i.alu_operand_b_ex_o
                    /home/gabcro/Code/Processor_CI/cores/soric_project/verilog/rtl/cores/flexbex_ibex_id_stage.v:123:21:      Example path: ASSIGNW
                    /home/gabcro/Code/Processor_CI/cores/soric_project/verilog/rtl/cores/flexbex_ibex_core.v:146:14:      Example path: processorci_top.Processor.ibex_core_2.alu_operand_b_ex
                    /home/gabcro/Code/Processor_CI/cores/soric_project/verilog/rtl/cores/flexbex_ibex_ex_block.v:68:20:      Example path: ASSIGNW
                    /home/gabcro/Code/Processor_CI/cores/soric_project/verilog/rtl/cores/flexbex_ibex_ex_block.v:68:20:      Example path: processorci_top.Processor.ibex_core_2.ex_block_i.alu_operand_b_i
                    /home/gabcro/Code/Processor_CI/cores/soric_project/verilog/rtl/cores/flexbex_ibex_alu.v:36:20:      Example path: ASSIGNW
                    /home/gabcro/Code/Processor_CI/cores/soric_project/verilog/rtl/cores/flexbex_ibex_alu.v:36:20:      Example path: processorci_top.Processor.ibex_core_2.ex_block_i.alu_i.operand_b_i
                    /home/gabcro/Code/Processor_CI/cores/soric_project/verilog/rtl/cores/flexbex_ibex_alu.v:66:23:      Example path: ASSIGNW
                    /home/gabcro/Code/Processor_CI/cores/soric_project/verilog/rtl/cores/flexbex_ibex_alu.v:46:14:      Example path: processorci_top.Processor.ibex_core_2.ex_block_i.alu_i.operand_b_neg
                    /home/gabcro/Code/Processor_CI/cores/soric_project/verilog/rtl/cores/flexbex_ibex_alu.v:67:20:      Example path: ASSIGNW
                    /home/gabcro/Code/Processor_CI/cores/soric_project/verilog/rtl/cores/flexbex_ibex_alu.v:55:14:      Example path: processorci_top.Processor.ibex_core_2.ex_block_i.alu_i.adder_in_b
                    /home/gabcro/Code/Processor_CI/cores/soric_project/verilog/rtl/cores/flexbex_ibex_alu.v:68:28:      Example path: ASSIGNW
                    /home/gabcro/Code/Processor_CI/cores/soric_project/verilog/rtl/cores/flexbex_ibex_alu.v:41:21:      Example path: processorci_top.Processor.ibex_core_2.ex_block_i.alu_i.adder_result_ext_o
                    /home/gabcro/Code/Processor_CI/cores/soric_project/verilog/rtl/cores/flexbex_ibex_alu.v:69:22:      Example path: ASSIGNW
                    /home/gabcro/Code/Processor_CI/cores/soric_project/verilog/rtl/cores/flexbex_ibex_alu.v:56:14:      Example path: processorci_top.Processor.ibex_core_2.ex_block_i.alu_i.adder_result
                    /home/gabcro/Code/Processor_CI/cores/soric_project/verilog/rtl/cores/flexbex_ibex_alu.v:70:24:      Example path: ASSIGNW
                    /home/gabcro/Code/Processor_CI/cores/soric_project/verilog/rtl/cores/flexbex_ibex_alu.v:40:21:      Example path: processorci_top.Processor.ibex_core_2.ex_block_i.alu_i.adder_result_o
                    /home/gabcro/Code/Processor_CI/cores/soric_project/verilog/rtl/cores/flexbex_ibex_alu.v:40:21:      Example path: ASSIGNW
                    /home/gabcro/Code/Processor_CI/cores/soric_project/verilog/rtl/cores/flexbex_ibex_ex_block.v:72:21:      Example path: processorci_top.Processor.ibex_core_2.ex_block_i.alu_adder_result_ex_o
                    /home/gabcro/Code/Processor_CI/cores/soric_project/verilog/rtl/cores/flexbex_ibex_ex_block.v:72:21:      Example path: ASSIGNW
                    /home/gabcro/Code/Processor_CI/cores/soric_project/verilog/rtl/cores/flexbex_ibex_core.v:147:14:      Example path: processorci_top.Processor.ibex_core_2.alu_adder_result_ex
                    /home/gabcro/Code/Processor_CI/cores/soric_project/verilog/rtl/cores/flexbex_ibex_load_store_unit.v:69:20:      Example path: ASSIGNW
                    /home/gabcro/Code/Processor_CI/cores/soric_project/verilog/rtl/cores/flexbex_ibex_load_store_unit.v:69:20:      Example path: processorci_top.Processor.ibex_core_2.load_store_unit_i.adder_result_ex_i
                    /home/gabcro/Code/Processor_CI/cores/soric_project/verilog/rtl/cores/flexbex_ibex_load_store_unit.v:315:23:      Example path: ASSIGNW
                    /home/gabcro/Code/Processor_CI/cores/soric_project/verilog/rtl/cores/flexbex_ibex_load_store_unit.v:77:14:      Example path: processorci_top.Processor.ibex_core_2.load_store_unit_i.data_addr_int
                    /home/gabcro/Code/Processor_CI/cores/soric_project/verilog/rtl/cores/flexbex_ibex_load_store_unit.v:301:2:      Example path: ALWAYS
                    /home/gabcro/Code/Processor_CI/cores/soric_project/verilog/rtl/cores/flexbex_ibex_load_store_unit.v:86:6:      Example path: processorci_top.Processor.ibex_core_2.load_store_unit_i.data_misaligned
                    /home/gabcro/Code/Processor_CI/cores/soric_project/verilog/rtl/cores/flexbex_ibex_load_store_unit.v:239:2:      Example path: ASSIGNW
                    /home/gabcro/Code/Processor_CI/cores/soric_project/verilog/rtl/cores/flexbex_ibex_load_store_unit.v:239:2:      Example path: processorci_top.Processor.__VdfgRegularize_h6e95ff9d_0_5
                    /home/gabcro/Code/Processor_CI/cores/soric_project/verilog/rtl/cores/flexbex_ibex_load_store_unit.v:239:2:      Example path: ASSIGNW
                    /home/gabcro/Code/Processor_CI/cores/soric_project/verilog/rtl/cores/flexbex_ibex_load_store_unit.v:53:13:      Example path: processorci_top.Processor.ibex_core_2.load_store_unit_i.data_req_o
                    /home/gabcro/Code/Processor_CI/cores/soric_project/verilog/rtl/cores/flexbex_ibex_load_store_unit.v:53:13:      Example path: ASSIGNW
                    /home/gabcro/Code/Processor_CI/cores/soric_project/verilog/rtl/cores/flexbex_ibex_core.v:87:14:      Example path: processorci_top.Processor.ibex_core_2.data_req_o
                    /home/gabcro/Code/Processor_CI/cores/soric_project/verilog/rtl/soric/soric_core.v:124:6:      Example path: ASSIGNW
                    /home/gabcro/Code/Processor_CI/cores/soric_project/verilog/rtl/soric/soric_core.v:79:48:      Example path: processorci_top.Processor.master_data_req_to_inter
                    /home/gabcro/Code/Processor_CI/cores/soric_project/verilog/rtl/soric/inter.v:53:58:      Example path: ASSIGNW
                    /home/gabcro/Code/Processor_CI/cores/soric_project/verilog/rtl/soric/inter.v:53:58:      Example path: processorci_top.Processor.inter_i.master_data_req_i
                    /home/gabcro/Code/Processor_CI/cores/soric_project/verilog/rtl/soric/inter.v:116:33:      Example path: ALWAYS
                    /home/gabcro/Code/Processor_CI/cores/soric_project/verilog/rtl/soric/inter.v:59:58:      Example path: processorci_top.Processor.inter_i.slave_data_addr_o
                    /home/gabcro/Code/Processor_CI/cores/soric_project/verilog/rtl/soric/inter.v:59:58:      Example path: ASSIGNW
                    /home/gabcro/Code/Processor_CI/cores/soric_project/verilog/rtl/soric/soric_core.v:89:48:      Example path: processorci_top.Processor.slave_data_addr_to_inter
                    /home/gabcro/Code/Processor_CI/cores/soric_project/verilog/rtl/soric/soric_core.v:276:36:      Example path: ASSIGNW
                    /home/gabcro/Code/Processor_CI/cores/soric_project/verilog/rtl/mem/sky130_sram_2kbyte_1rw1r_32x512_8.v:34:27:      Example path: processorci_top.Processor.sram_1_i.addr0
                    /home/gabcro/Code/Processor_CI/cores/soric_project/verilog/rtl/mem/sky130_sram_2kbyte_1rw1r_32x512_8.v:105:3:      Example path: ALWAYS
                    /home/gabcro/Code/Processor_CI/cores/soric_project/verilog/rtl/mem/sky130_sram_2kbyte_1rw1r_32x512_8.v:36:27:      Example path: processorci_top.Processor.sram_1_i.dout0
                    /home/gabcro/Code/Processor_CI/cores/soric_project/verilog/rtl/soric/soric_core.v:278:6:      Example path: ASSIGNW
                    /home/gabcro/Code/Processor_CI/cores/soric_project/verilog/rtl/soric/soric_core.v:93:48:      Example path: processorci_top.Processor.slave_data_rdata_to_inter
                    /home/gabcro/Code/Processor_CI/cores/soric_project/verilog/rtl/soric/inter.v:64:58:      Example path: ASSIGNW
                    /home/gabcro/Code/Processor_CI/cores/soric_project/verilog/rtl/soric/inter.v:64:58:      Example path: processorci_top.Processor.inter_i.slave_data_rdata_i
                    /home/gabcro/Code/Processor_CI/cores/soric_project/verilog/rtl/soric/inter.v:149:25:      Example path: ALWAYS
                    /home/gabcro/Code/Processor_CI/cores/soric_project/verilog/rtl/soric/inter.v:56:58:      Example path: processorci_top.Processor.inter_i.master_data_rvalid_o
                    /home/gabcro/Code/Processor_CI/cores/soric_project/verilog/rtl/soric/inter.v:56:58:      Example path: ASSIGNW
                    /home/gabcro/Code/Processor_CI/cores/soric_project/verilog/rtl/soric/soric_core.v:85:48:      Example path: processorci_top.Processor.master_data_rvalid_to_inter
                    /home/gabcro/Code/Processor_CI/cores/soric_project/verilog/rtl/cores/flexbex_ibex_core.v:89:13:      Example path: ASSIGNW
                    /home/gabcro/Code/Processor_CI/cores/soric_project/verilog/rtl/cores/flexbex_ibex_core.v:89:13:      Example path: processorci_top.Processor.ibex_core_2.data_rvalid_i
                    /home/gabcro/Code/Processor_CI/cores/soric_project/verilog/rtl/cores/flexbex_ibex_load_store_unit.v:55:13:      Example path: ASSIGNW
                    /home/gabcro/Code/Processor_CI/cores/soric_project/verilog/rtl/cores/flexbex_ibex_load_store_unit.v:55:13:      Example path: processorci_top.Processor.ibex_core_2.load_store_unit_i.data_rvalid_i
                    /home/gabcro/Code/Processor_CI/cores/soric_project/verilog/rtl/cores/flexbex_ibex_load_store_unit.v:239:2:      Example path: ASSIGNW
%Warning-UNOPTFLAT: /home/gabcro/Code/Processor_CI/cores/soric_project/verilog/rtl/cores/flexbex_ibex_if_stage.v:142:2: Signal unoptimizable: Circular combinational logic: 'processorci_top.Processor.__VdfgRegularize_h6e95ff9d_0_134'
                                                                                                                      : ... note: In instance 'processorci_top.Processor'
  142 |  always @(*) begin
      |  ^~~~~~
                    /home/gabcro/Code/Processor_CI/cores/soric_project/verilog/rtl/cores/flexbex_ibex_core.v:217:1: ... note: In file included from 'flexbex_ibex_core.v'
                    /home/gabcro/Code/Processor_CI/cores/soric_project/verilog/rtl/cores/flexbex_ibex_if_stage.v:142:2:      Example path: processorci_top.Processor.__VdfgRegularize_h6e95ff9d_0_134
                    /home/gabcro/Code/Processor_CI/cores/soric_project/verilog/rtl/cores/flexbex_ibex_if_stage.v:142:2:      Example path: ASSIGNW
                    /home/gabcro/Code/Processor_CI/cores/soric_project/verilog/rtl/cores/flexbex_ibex_if_stage.v:142:2:      Example path: processorci_top.Processor.__VdfgSynthAssign___Vtableidx8_h6e95ff9d_0_0
                    /home/gabcro/Code/Processor_CI/cores/soric_project/verilog/rtl/cores/flexbex_ibex_if_stage.v:142:2:      Example path: ASSIGNW
                    /home/gabcro/Code/Processor_CI/cores/soric_project/verilog/rtl/cores/flexbex_ibex_if_stage.v:88:6:      Example path: processorci_top.Processor.ibex_core_2.if_stage_i.branch_req
                    /home/gabcro/Code/Processor_CI/cores/soric_project/verilog/rtl/cores/flexbex_ibex_prefetch_buffer.v:38:13:      Example path: ASSIGNW
                    /home/gabcro/Code/Processor_CI/cores/soric_project/verilog/rtl/cores/flexbex_ibex_prefetch_buffer.v:38:13:      Example path: processorci_top.Processor.ibex_core_2.if_stage_i.prefetch_buffer_i.branch_i
                    /home/gabcro/Code/Processor_CI/cores/soric_project/verilog/rtl/cores/flexbex_ibex_prefetch_buffer.v:75:2:      Example path: ALWAYS
                    /home/gabcro/Code/Processor_CI/cores/soric_project/verilog/rtl/cores/flexbex_ibex_prefetch_buffer.v:44:13:      Example path: processorci_top.Processor.ibex_core_2.if_stage_i.prefetch_buffer_i.instr_req_o
                    /home/gabcro/Code/Processor_CI/cores/soric_project/verilog/rtl/cores/flexbex_ibex_prefetch_buffer.v:44:13:      Example path: ASSIGNW
                    /home/gabcro/Code/Processor_CI/cores/soric_project/verilog/rtl/cores/flexbex_ibex_if_stage.v:59:14:      Example path: processorci_top.Processor.ibex_core_2.if_stage_i.instr_req_o
                    /home/gabcro/Code/Processor_CI/cores/soric_project/verilog/rtl/cores/flexbex_ibex_if_stage.v:59:14:      Example path: ASSIGNW
                    /home/gabcro/Code/Processor_CI/cores/soric_project/verilog/rtl/cores/flexbex_ibex_core.v:82:14:      Example path: processorci_top.Processor.ibex_core_2.instr_req_o
                    /home/gabcro/Code/Processor_CI/cores/soric_project/verilog/rtl/soric/soric_core.v:116:6:      Example path: ASSIGNW
                    /home/gabcro/Code/Processor_CI/cores/soric_project/verilog/rtl/soric/soric_core.v:214:29:      Example path: processorci_top.Processor.master_data_req_to_inter_ro
                    /home/gabcro/Code/Processor_CI/cores/soric_project/verilog/rtl/soric/inter_read.v:41:31:      Example path: ASSIGNW
                    /home/gabcro/Code/Processor_CI/cores/soric_project/verilog/rtl/soric/inter_read.v:41:31:      Example path: processorci_top.Processor.inter_read_i.master_data_req_i
                    /home/gabcro/Code/Processor_CI/cores/soric_project/verilog/rtl/soric/inter_read.v:55:4:      Example path: ALWAYS
                    /home/gabcro/Code/Processor_CI/cores/soric_project/verilog/rtl/soric/inter_read.v:51:37:      Example path: processorci_top.Processor.inter_read_i.arbiter_request
                    /home/gabcro/Code/Processor_CI/cores/soric_project/verilog/rtl/soric/inter_read.v:90:4:      Example path: ALWAYS
                    /home/gabcro/Code/Processor_CI/cores/soric_project/verilog/rtl/soric/inter_read.v:43:46:      Example path: processorci_top.Processor.inter_read_i.master_data_rdata_o
                    /home/gabcro/Code/Processor_CI/cores/soric_project/verilog/rtl/soric/inter_read.v:43:46:      Example path: ASSIGNW
                    /home/gabcro/Code/Processor_CI/cores/soric_project/verilog/rtl/soric/soric_core.v:216:35:      Example path: processorci_top.Processor.master_data_rdata_to_inter_ro
                    /home/gabcro/Code/Processor_CI/cores/soric_project/verilog/rtl/cores/flexbex_ibex_core.v:86:20:      Example path: ASSIGNW
                    /home/gabcro/Code/Processor_CI/cores/soric_project/verilog/rtl/cores/flexbex_ibex_core.v:86:20:      Example path: processorci_top.Processor.ibex_core_2.instr_rdata_i
                    /home/gabcro/Code/Processor_CI/cores/soric_project/verilog/rtl/cores/flexbex_ibex_if_stage.v:63:20:      Example path: ASSIGNW
                    /home/gabcro/Code/Processor_CI/cores/soric_project/verilog/rtl/cores/flexbex_ibex_if_stage.v:63:20:      Example path: processorci_top.Processor.ibex_core_2.if_stage_i.instr_rdata_i
                    /home/gabcro/Code/Processor_CI/cores/soric_project/verilog/rtl/cores/flexbex_ibex_prefetch_buffer.v:47:20:      Example path: ASSIGNW
                    /home/gabcro/Code/Processor_CI/cores/soric_project/verilog/rtl/cores/flexbex_ibex_prefetch_buffer.v:47:20:      Example path: processorci_top.Processor.ibex_core_2.if_stage_i.prefetch_buffer_i.instr_rdata_i
                    /home/gabcro/Code/Processor_CI/cores/soric_project/verilog/rtl/cores/flexbex_ibex_fetch_fifo.v:34:20:      Example path: ASSIGNW
                    /home/gabcro/Code/Processor_CI/cores/soric_project/verilog/rtl/cores/flexbex_ibex_fetch_fifo.v:34:20:      Example path: processorci_top.Processor.ibex_core_2.if_stage_i.prefetch_buffer_i.fifo_i.in_rdata_i
                    /home/gabcro/Code/Processor_CI/cores/soric_project/verilog/rtl/cores/flexbex_ibex_fetch_fifo.v:60:15:      Example path: ASSIGNW
                    /home/gabcro/Code/Processor_CI/cores/soric_project/verilog/rtl/cores/flexbex_ibex_fetch_fifo.v:53:14:      Example path: processorci_top.Processor.ibex_core_2.if_stage_i.prefetch_buffer_i.fifo_i.rdata
                    /home/gabcro/Code/Processor_CI/cores/soric_project/verilog/rtl/cores/flexbex_ibex_fetch_fifo.v:64:33:      Example path: ASSIGNW
                    /home/gabcro/Code/Processor_CI/cores/soric_project/verilog/rtl/cores/flexbex_ibex_fetch_fifo.v:58:7:      Example path: processorci_top.Processor.ibex_core_2.if_stage_i.prefetch_buffer_i.fifo_i.unaligned_is_compressed
                    /home/gabcro/Code/Processor_CI/cores/soric_project/verilog/rtl/cores/flexbex_ibex_fetch_fifo.v:67:2:      Example path: ALWAYS
                    /home/gabcro/Code/Processor_CI/cores/soric_project/verilog/rtl/cores/flexbex_ibex_fetch_fifo.v:37:13:      Example path: processorci_top.Processor.ibex_core_2.if_stage_i.prefetch_buffer_i.fifo_i.out_valid_o
                    /home/gabcro/Code/Processor_CI/cores/soric_project/verilog/rtl/cores/flexbex_ibex_fetch_fifo.v:37:13:      Example path: ASSIGNW
                    /home/gabcro/Code/Processor_CI/cores/soric_project/verilog/rtl/cores/flexbex_ibex_prefetch_buffer.v:41:14:      Example path: processorci_top.Processor.ibex_core_2.if_stage_i.prefetch_buffer_i.valid_o
                    /home/gabcro/Code/Processor_CI/cores/soric_project/verilog/rtl/cores/flexbex_ibex_prefetch_buffer.v:41:14:      Example path: ASSIGNW
                    /home/gabcro/Code/Processor_CI/cores/soric_project/verilog/rtl/cores/flexbex_ibex_if_stage.v:90:7:      Example path: processorci_top.Processor.ibex_core_2.if_stage_i.fetch_valid
                    /home/gabcro/Code/Processor_CI/cores/soric_project/verilog/rtl/cores/flexbex_ibex_if_stage.v:142:2:      Example path: ASSIGNW
                    /home/gabcro/Code/Processor_CI/cores/soric_project/verilog/rtl/cores/flexbex_ibex_if_stage.v:142:2:      Example path: processorci_top.Processor.__VdfgRegularize_h6e95ff9d_0_134
- V e r i l a t i o n   R e p o r t: Verilator 5.050 2026-07-01 rev v5.050
- Verilator: Built from 0.944 MB sources in 62 modules, into 10.131 MB in 28 C++ files needing 0.002 MB
- Verilator: Walltime 0.879 s (elab=0.051, cvt=0.538, bld=0.000); cpu 0.724 s on 1 threads; allocated 73.363 MB
make -C sim_build/soric_project  -f Vtop.mk
make[2]: Entering directory '/home/gabcro/Code/Processor_CI/processor_ci_inspector/sim_build/soric_project'
g++  -I.  -MMD -I/usr/share/verilator/include -I/usr/share/verilator/include/vltstd -DVERILATOR=1 -DVM_COVERAGE=0 -DVM_SC=0 -DVM_TIMING=0 -DVM_TRACE=1 -DVM_TRACE_FST=0 -DVM_TRACE_VCD=1 -DVM_TRACE_SAIF=0 -DVM_VPI=1 -faligned-new -fcf-protection=none -Wno-bool-operation -Wno-int-in-bool-context -Wno-shadow -Wno-sign-compare -Wno-subobject-linkage -Wno-tautological-compare -Wno-uninitialized -Wno-unused-but-set-parameter -Wno-unused-but-set-variable -Wno-unused-parameter -Wno-unused-variable      -Os  -c -o verilator.o /home/gabcro/Code/Processor_CI/processor_ci_inspector/env/lib/python3.13/site-packages/cocotb/share/lib/verilator/verilator.cpp
g++ -Os  -I.  -MMD -I/usr/share/verilator/include -I/usr/share/verilator/include/vltstd -DVERILATOR=1 -DVM_COVERAGE=0 -DVM_SC=0 -DVM_TIMING=0 -DVM_TRACE=1 -DVM_TRACE_FST=0 -DVM_TRACE_VCD=1 -DVM_TRACE_SAIF=0 -DVM_VPI=1 -faligned-new -fcf-protection=none -Wno-bool-operation -Wno-int-in-bool-context -Wno-shadow -Wno-sign-compare -Wno-subobject-linkage -Wno-tautological-compare -Wno-uninitialized -Wno-unused-but-set-parameter -Wno-unused-but-set-variable -Wno-unused-parameter -Wno-unused-variable      -c -o verilated.o /usr/share/verilator/include/verilated.cpp
g++ -Os  -I.  -MMD -I/usr/share/verilator/include -I/usr/share/verilator/include/vltstd -DVERILATOR=1 -DVM_COVERAGE=0 -DVM_SC=0 -DVM_TIMING=0 -DVM_TRACE=1 -DVM_TRACE_FST=0 -DVM_TRACE_VCD=1 -DVM_TRACE_SAIF=0 -DVM_VPI=1 -faligned-new -fcf-protection=none -Wno-bool-operation -Wno-int-in-bool-context -Wno-shadow -Wno-sign-compare -Wno-subobject-linkage -Wno-tautological-compare -Wno-uninitialized -Wno-unused-but-set-parameter -Wno-unused-but-set-variable -Wno-unused-parameter -Wno-unused-variable      -c -o verilated_dpi.o /usr/share/verilator/include/verilated_dpi.cpp
g++ -Os  -I.  -MMD -I/usr/share/verilator/include -I/usr/share/verilator/include/vltstd -DVERILATOR=1 -DVM_COVERAGE=0 -DVM_SC=0 -DVM_TIMING=0 -DVM_TRACE=1 -DVM_TRACE_FST=0 -DVM_TRACE_VCD=1 -DVM_TRACE_SAIF=0 -DVM_VPI=1 -faligned-new -fcf-protection=none -Wno-bool-operation -Wno-int-in-bool-context -Wno-shadow -Wno-sign-compare -Wno-subobject-linkage -Wno-tautological-compare -Wno-uninitialized -Wno-unused-but-set-parameter -Wno-unused-but-set-variable -Wno-unused-parameter -Wno-unused-variable      -c -o verilated_vpi.o /usr/share/verilator/include/verilated_vpi.cpp
g++ -Os  -I.  -MMD -I/usr/share/verilator/include -I/usr/share/verilator/include/vltstd -DVERILATOR=1 -DVM_COVERAGE=0 -DVM_SC=0 -DVM_TIMING=0 -DVM_TRACE=1 -DVM_TRACE_FST=0 -DVM_TRACE_VCD=1 -DVM_TRACE_SAIF=0 -DVM_VPI=1 -faligned-new -fcf-protection=none -Wno-bool-operation -Wno-int-in-bool-context -Wno-shadow -Wno-sign-compare -Wno-subobject-linkage -Wno-tautological-compare -Wno-uninitialized -Wno-unused-but-set-parameter -Wno-unused-but-set-variable -Wno-unused-parameter -Wno-unused-variable      -c -o verilated_vcd_c.o /usr/share/verilator/include/verilated_vcd_c.cpp
g++ -Os  -I.  -MMD -I/usr/share/verilator/include -I/usr/share/verilator/include/vltstd -DVERILATOR=1 -DVM_COVERAGE=0 -DVM_SC=0 -DVM_TIMING=0 -DVM_TRACE=1 -DVM_TRACE_FST=0 -DVM_TRACE_VCD=1 -DVM_TRACE_SAIF=0 -DVM_VPI=1 -faligned-new -fcf-protection=none -Wno-bool-operation -Wno-int-in-bool-context -Wno-shadow -Wno-sign-compare -Wno-subobject-linkage -Wno-tautological-compare -Wno-uninitialized -Wno-unused-but-set-parameter -Wno-unused-but-set-variable -Wno-unused-parameter -Wno-unused-variable      -c -o verilated_threads.o /usr/share/verilator/include/verilated_threads.cpp
g++ -Os  -I.  -MMD -I/usr/share/verilator/include -I/usr/share/verilator/include/vltstd -DVERILATOR=1 -DVM_COVERAGE=0 -DVM_SC=0 -DVM_TIMING=0 -DVM_TRACE=1 -DVM_TRACE_FST=0 -DVM_TRACE_VCD=1 -DVM_TRACE_SAIF=0 -DVM_VPI=1 -faligned-new -fcf-protection=none -Wno-bool-operation -Wno-int-in-bool-context -Wno-shadow -Wno-sign-compare -Wno-subobject-linkage -Wno-tautological-compare -Wno-uninitialized -Wno-unused-but-set-parameter -Wno-unused-but-set-variable -Wno-unused-parameter -Wno-unused-variable      -x c++-header Vtop__pch.h -o Vtop__pch.h.fast.gch
g++ -Os  -I.  -MMD -I/usr/share/verilator/include -I/usr/share/verilator/include/vltstd -DVERILATOR=1 -DVM_COVERAGE=0 -DVM_SC=0 -DVM_TIMING=0 -DVM_TRACE=1 -DVM_TRACE_FST=0 -DVM_TRACE_VCD=1 -DVM_TRACE_SAIF=0 -DVM_VPI=1 -faligned-new -fcf-protection=none -Wno-bool-operation -Wno-int-in-bool-context -Wno-shadow -Wno-sign-compare -Wno-subobject-linkage -Wno-tautological-compare -Wno-uninitialized -Wno-unused-but-set-parameter -Wno-unused-but-set-variable -Wno-unused-parameter -Wno-unused-variable      -include Vtop__pch.h.fast -c Vtop.cpp
g++ -Os  -I.  -MMD -I/usr/share/verilator/include -I/usr/share/verilator/include/vltstd -DVERILATOR=1 -DVM_COVERAGE=0 -DVM_SC=0 -DVM_TIMING=0 -DVM_TRACE=1 -DVM_TRACE_FST=0 -DVM_TRACE_VCD=1 -DVM_TRACE_SAIF=0 -DVM_VPI=1 -faligned-new -fcf-protection=none -Wno-bool-operation -Wno-int-in-bool-context -Wno-shadow -Wno-sign-compare -Wno-subobject-linkage -Wno-tautological-compare -Wno-uninitialized -Wno-unused-but-set-parameter -Wno-unused-but-set-variable -Wno-unused-parameter -Wno-unused-variable      -include Vtop__pch.h.fast -c Vtop___024root__0.cpp
g++ -Os  -I.  -MMD -I/usr/share/verilator/include -I/usr/share/verilator/include/vltstd -DVERILATOR=1 -DVM_COVERAGE=0 -DVM_SC=0 -DVM_TIMING=0 -DVM_TRACE=1 -DVM_TRACE_FST=0 -DVM_TRACE_VCD=1 -DVM_TRACE_SAIF=0 -DVM_VPI=1 -faligned-new -fcf-protection=none -Wno-bool-operation -Wno-int-in-bool-context -Wno-shadow -Wno-sign-compare -Wno-subobject-linkage -Wno-tautological-compare -Wno-uninitialized -Wno-unused-but-set-parameter -Wno-unused-but-set-variable -Wno-unused-parameter -Wno-unused-variable      -include Vtop__pch.h.fast -c Vtop_processorci_top__0.cpp
g++ -Os  -I.  -MMD -I/usr/share/verilator/include -I/usr/share/verilator/include/vltstd -DVERILATOR=1 -DVM_COVERAGE=0 -DVM_SC=0 -DVM_TIMING=0 -DVM_TRACE=1 -DVM_TRACE_FST=0 -DVM_TRACE_VCD=1 -DVM_TRACE_SAIF=0 -DVM_VPI=1 -faligned-new -fcf-protection=none -Wno-bool-operation -Wno-int-in-bool-context -Wno-shadow -Wno-sign-compare -Wno-subobject-linkage -Wno-tautological-compare -Wno-uninitialized -Wno-unused-but-set-parameter -Wno-unused-but-set-variable -Wno-unused-parameter -Wno-unused-variable      -include Vtop__pch.h.fast -c Vtop_soric_core__0.cpp
g++ -Os  -I.  -MMD -I/usr/share/verilator/include -I/usr/share/verilator/include/vltstd -DVERILATOR=1 -DVM_COVERAGE=0 -DVM_SC=0 -DVM_TIMING=0 -DVM_TRACE=1 -DVM_TRACE_FST=0 -DVM_TRACE_VCD=1 -DVM_TRACE_SAIF=0 -DVM_VPI=1 -faligned-new -fcf-protection=none -Wno-bool-operation -Wno-int-in-bool-context -Wno-shadow -Wno-sign-compare -Wno-subobject-linkage -Wno-tautological-compare -Wno-uninitialized -Wno-unused-but-set-parameter -Wno-unused-but-set-variable -Wno-unused-parameter -Wno-unused-variable      -include Vtop__pch.h.fast -c Vtop_soric_core__1.cpp
g++ -Os  -I.  -MMD -I/usr/share/verilator/include -I/usr/share/verilator/include/vltstd -DVERILATOR=1 -DVM_COVERAGE=0 -DVM_SC=0 -DVM_TIMING=0 -DVM_TRACE=1 -DVM_TRACE_FST=0 -DVM_TRACE_VCD=1 -DVM_TRACE_SAIF=0 -DVM_VPI=1 -faligned-new -fcf-protection=none -Wno-bool-operation -Wno-int-in-bool-context -Wno-shadow -Wno-sign-compare -Wno-subobject-linkage -Wno-tautological-compare -Wno-uninitialized -Wno-unused-but-set-parameter -Wno-unused-but-set-variable -Wno-unused-parameter -Wno-unused-variable      -include Vtop__pch.h.fast -c Vtop_soric_core__2.cpp
g++ -Os  -I.  -MMD -I/usr/share/verilator/include -I/usr/share/verilator/include/vltstd -DVERILATOR=1 -DVM_COVERAGE=0 -DVM_SC=0 -DVM_TIMING=0 -DVM_TRACE=1 -DVM_TRACE_FST=0 -DVM_TRACE_VCD=1 -DVM_TRACE_SAIF=0 -DVM_VPI=1 -faligned-new -fcf-protection=none -Wno-bool-operation -Wno-int-in-bool-context -Wno-shadow -Wno-sign-compare -Wno-subobject-linkage -Wno-tautological-compare -Wno-uninitialized -Wno-unused-but-set-parameter -Wno-unused-but-set-variable -Wno-unused-parameter -Wno-unused-variable      -include Vtop__pch.h.fast -c Vtop_soric_core__3.cpp
g++ -Os  -I.  -MMD -I/usr/share/verilator/include -I/usr/share/verilator/include/vltstd -DVERILATOR=1 -DVM_COVERAGE=0 -DVM_SC=0 -DVM_TIMING=0 -DVM_TRACE=1 -DVM_TRACE_FST=0 -DVM_TRACE_VCD=1 -DVM_TRACE_SAIF=0 -DVM_VPI=1 -faligned-new -fcf-protection=none -Wno-bool-operation -Wno-int-in-bool-context -Wno-shadow -Wno-sign-compare -Wno-subobject-linkage -Wno-tautological-compare -Wno-uninitialized -Wno-unused-but-set-parameter -Wno-unused-but-set-variable -Wno-unused-parameter -Wno-unused-variable      -include Vtop__pch.h.fast -c Vtop_soric_core__4.cpp
g++ -Os  -I.  -MMD -I/usr/share/verilator/include -I/usr/share/verilator/include/vltstd -DVERILATOR=1 -DVM_COVERAGE=0 -DVM_SC=0 -DVM_TIMING=0 -DVM_TRACE=1 -DVM_TRACE_FST=0 -DVM_TRACE_VCD=1 -DVM_TRACE_SAIF=0 -DVM_VPI=1 -faligned-new -fcf-protection=none -Wno-bool-operation -Wno-int-in-bool-context -Wno-shadow -Wno-sign-compare -Wno-subobject-linkage -Wno-tautological-compare -Wno-uninitialized -Wno-unused-but-set-parameter -Wno-unused-but-set-variable -Wno-unused-parameter -Wno-unused-variable      -include Vtop__pch.h.fast -c Vtop_sky130_sram_2kbyte_1rw1r_32x512_8__0.cpp
g++ -Os  -I.  -MMD -I/usr/share/verilator/include -I/usr/share/verilator/include/vltstd -DVERILATOR=1 -DVM_COVERAGE=0 -DVM_SC=0 -DVM_TIMING=0 -DVM_TRACE=1 -DVM_TRACE_FST=0 -DVM_TRACE_VCD=1 -DVM_TRACE_SAIF=0 -DVM_VPI=1 -faligned-new -fcf-protection=none -Wno-bool-operation -Wno-int-in-bool-context -Wno-shadow -Wno-sign-compare -Wno-subobject-linkage -Wno-tautological-compare -Wno-uninitialized -Wno-unused-but-set-parameter -Wno-unused-but-set-variable -Wno-unused-parameter -Wno-unused-variable      -include Vtop__pch.h.fast -c Vtop__Dpi.cpp
g++ -Os  -I.  -MMD -I/usr/share/verilator/include -I/usr/share/verilator/include/vltstd -DVERILATOR=1 -DVM_COVERAGE=0 -DVM_SC=0 -DVM_TIMING=0 -DVM_TRACE=1 -DVM_TRACE_FST=0 -DVM_TRACE_VCD=1 -DVM_TRACE_SAIF=0 -DVM_VPI=1 -faligned-new -fcf-protection=none -Wno-bool-operation -Wno-int-in-bool-context -Wno-shadow -Wno-sign-compare -Wno-subobject-linkage -Wno-tautological-compare -Wno-uninitialized -Wno-unused-but-set-parameter -Wno-unused-but-set-variable -Wno-unused-parameter -Wno-unused-variable      -include Vtop__pch.h.fast -c Vtop__Trace__0.cpp
g++   -I.  -MMD -I/usr/share/verilator/include -I/usr/share/verilator/include/vltstd -DVERILATOR=1 -DVM_COVERAGE=0 -DVM_SC=0 -DVM_TIMING=0 -DVM_TRACE=1 -DVM_TRACE_FST=0 -DVM_TRACE_VCD=1 -DVM_TRACE_SAIF=0 -DVM_VPI=1 -faligned-new -fcf-protection=none -Wno-bool-operation -Wno-int-in-bool-context -Wno-shadow -Wno-sign-compare -Wno-subobject-linkage -Wno-tautological-compare -Wno-uninitialized -Wno-unused-but-set-parameter -Wno-unused-but-set-variable -Wno-unused-parameter -Wno-unused-variable      -x c++-header Vtop__pch.h -o Vtop__pch.h.slow.gch
g++   -I.  -MMD -I/usr/share/verilator/include -I/usr/share/verilator/include/vltstd -DVERILATOR=1 -DVM_COVERAGE=0 -DVM_SC=0 -DVM_TIMING=0 -DVM_TRACE=1 -DVM_TRACE_FST=0 -DVM_TRACE_VCD=1 -DVM_TRACE_SAIF=0 -DVM_VPI=1 -faligned-new -fcf-protection=none -Wno-bool-operation -Wno-int-in-bool-context -Wno-shadow -Wno-sign-compare -Wno-subobject-linkage -Wno-tautological-compare -Wno-uninitialized -Wno-unused-but-set-parameter -Wno-unused-but-set-variable -Wno-unused-parameter -Wno-unused-variable      -include Vtop__pch.h.slow -c Vtop__ConstPool__0__Slow.cpp
g++   -I.  -MMD -I/usr/share/verilator/include -I/usr/share/verilator/include/vltstd -DVERILATOR=1 -DVM_COVERAGE=0 -DVM_SC=0 -DVM_TIMING=0 -DVM_TRACE=1 -DVM_TRACE_FST=0 -DVM_TRACE_VCD=1 -DVM_TRACE_SAIF=0 -DVM_VPI=1 -faligned-new -fcf-protection=none -Wno-bool-operation -Wno-int-in-bool-context -Wno-shadow -Wno-sign-compare -Wno-subobject-linkage -Wno-tautological-compare -Wno-uninitialized -Wno-unused-but-set-parameter -Wno-unused-but-set-variable -Wno-unused-parameter -Wno-unused-variable      -include Vtop__pch.h.slow -c Vtop___024root__Slow.cpp
g++   -I.  -MMD -I/usr/share/verilator/include -I/usr/share/verilator/include/vltstd -DVERILATOR=1 -DVM_COVERAGE=0 -DVM_SC=0 -DVM_TIMING=0 -DVM_TRACE=1 -DVM_TRACE_FST=0 -DVM_TRACE_VCD=1 -DVM_TRACE_SAIF=0 -DVM_VPI=1 -faligned-new -fcf-protection=none -Wno-bool-operation -Wno-int-in-bool-context -Wno-shadow -Wno-sign-compare -Wno-subobject-linkage -Wno-tautological-compare -Wno-uninitialized -Wno-unused-but-set-parameter -Wno-unused-but-set-variable -Wno-unused-parameter -Wno-unused-variable      -include Vtop__pch.h.slow -c Vtop___024root__0__Slow.cpp
g++   -I.  -MMD -I/usr/share/verilator/include -I/usr/share/verilator/include/vltstd -DVERILATOR=1 -DVM_COVERAGE=0 -DVM_SC=0 -DVM_TIMING=0 -DVM_TRACE=1 -DVM_TRACE_FST=0 -DVM_TRACE_VCD=1 -DVM_TRACE_SAIF=0 -DVM_VPI=1 -faligned-new -fcf-protection=none -Wno-bool-operation -Wno-int-in-bool-context -Wno-shadow -Wno-sign-compare -Wno-subobject-linkage -Wno-tautological-compare -Wno-uninitialized -Wno-unused-but-set-parameter -Wno-unused-but-set-variable -Wno-unused-parameter -Wno-unused-variable      -include Vtop__pch.h.slow -c Vtop_processorci_top__Slow.cpp
g++   -I.  -MMD -I/usr/share/verilator/include -I/usr/share/verilator/include/vltstd -DVERILATOR=1 -DVM_COVERAGE=0 -DVM_SC=0 -DVM_TIMING=0 -DVM_TRACE=1 -DVM_TRACE_FST=0 -DVM_TRACE_VCD=1 -DVM_TRACE_SAIF=0 -DVM_VPI=1 -faligned-new -fcf-protection=none -Wno-bool-operation -Wno-int-in-bool-context -Wno-shadow -Wno-sign-compare -Wno-subobject-linkage -Wno-tautological-compare -Wno-uninitialized -Wno-unused-but-set-parameter -Wno-unused-but-set-variable -Wno-unused-parameter -Wno-unused-variable      -include Vtop__pch.h.slow -c Vtop_processorci_top__0__Slow.cpp
g++   -I.  -MMD -I/usr/share/verilator/include -I/usr/share/verilator/include/vltstd -DVERILATOR=1 -DVM_COVERAGE=0 -DVM_SC=0 -DVM_TIMING=0 -DVM_TRACE=1 -DVM_TRACE_FST=0 -DVM_TRACE_VCD=1 -DVM_TRACE_SAIF=0 -DVM_VPI=1 -faligned-new -fcf-protection=none -Wno-bool-operation -Wno-int-in-bool-context -Wno-shadow -Wno-sign-compare -Wno-subobject-linkage -Wno-tautological-compare -Wno-uninitialized -Wno-unused-but-set-parameter -Wno-unused-but-set-variable -Wno-unused-parameter -Wno-unused-variable      -include Vtop__pch.h.slow -c Vtop_soric_core__Slow.cpp
g++   -I.  -MMD -I/usr/share/verilator/include -I/usr/share/verilator/include/vltstd -DVERILATOR=1 -DVM_COVERAGE=0 -DVM_SC=0 -DVM_TIMING=0 -DVM_TRACE=1 -DVM_TRACE_FST=0 -DVM_TRACE_VCD=1 -DVM_TRACE_SAIF=0 -DVM_VPI=1 -faligned-new -fcf-protection=none -Wno-bool-operation -Wno-int-in-bool-context -Wno-shadow -Wno-sign-compare -Wno-subobject-linkage -Wno-tautological-compare -Wno-uninitialized -Wno-unused-but-set-parameter -Wno-unused-but-set-variable -Wno-unused-parameter -Wno-unused-variable      -include Vtop__pch.h.slow -c Vtop_soric_core__0__Slow.cpp
g++   -I.  -MMD -I/usr/share/verilator/include -I/usr/share/verilator/include/vltstd -DVERILATOR=1 -DVM_COVERAGE=0 -DVM_SC=0 -DVM_TIMING=0 -DVM_TRACE=1 -DVM_TRACE_FST=0 -DVM_TRACE_VCD=1 -DVM_TRACE_SAIF=0 -DVM_VPI=1 -faligned-new -fcf-protection=none -Wno-bool-operation -Wno-int-in-bool-context -Wno-shadow -Wno-sign-compare -Wno-subobject-linkage -Wno-tautological-compare -Wno-uninitialized -Wno-unused-but-set-parameter -Wno-unused-but-set-variable -Wno-unused-parameter -Wno-unused-variable      -include Vtop__pch.h.slow -c Vtop_soric_core__1__Slow.cpp
g++   -I.  -MMD -I/usr/share/verilator/include -I/usr/share/verilator/include/vltstd -DVERILATOR=1 -DVM_COVERAGE=0 -DVM_SC=0 -DVM_TIMING=0 -DVM_TRACE=1 -DVM_TRACE_FST=0 -DVM_TRACE_VCD=1 -DVM_TRACE_SAIF=0 -DVM_VPI=1 -faligned-new -fcf-protection=none -Wno-bool-operation -Wno-int-in-bool-context -Wno-shadow -Wno-sign-compare -Wno-subobject-linkage -Wno-tautological-compare -Wno-uninitialized -Wno-unused-but-set-parameter -Wno-unused-but-set-variable -Wno-unused-parameter -Wno-unused-variable      -include Vtop__pch.h.slow -c Vtop_sky130_sram_2kbyte_1rw1r_32x512_8__Slow.cpp
g++   -I.  -MMD -I/usr/share/verilator/include -I/usr/share/verilator/include/vltstd -DVERILATOR=1 -DVM_COVERAGE=0 -DVM_SC=0 -DVM_TIMING=0 -DVM_TRACE=1 -DVM_TRACE_FST=0 -DVM_TRACE_VCD=1 -DVM_TRACE_SAIF=0 -DVM_VPI=1 -faligned-new -fcf-protection=none -Wno-bool-operation -Wno-int-in-bool-context -Wno-shadow -Wno-sign-compare -Wno-subobject-linkage -Wno-tautological-compare -Wno-uninitialized -Wno-unused-but-set-parameter -Wno-unused-but-set-variable -Wno-unused-parameter -Wno-unused-variable      -include Vtop__pch.h.slow -c Vtop_sky130_sram_2kbyte_1rw1r_32x512_8__0__Slow.cpp
g++   -I.  -MMD -I/usr/share/verilator/include -I/usr/share/verilator/include/vltstd -DVERILATOR=1 -DVM_COVERAGE=0 -DVM_SC=0 -DVM_TIMING=0 -DVM_TRACE=1 -DVM_TRACE_FST=0 -DVM_TRACE_VCD=1 -DVM_TRACE_SAIF=0 -DVM_VPI=1 -faligned-new -fcf-protection=none -Wno-bool-operation -Wno-int-in-bool-context -Wno-shadow -Wno-sign-compare -Wno-subobject-linkage -Wno-tautological-compare -Wno-uninitialized -Wno-unused-but-set-parameter -Wno-unused-but-set-variable -Wno-unused-parameter -Wno-unused-variable      -include Vtop__pch.h.slow -c Vtop__Syms__ctor__0__Slow.cpp
g++   -I.  -MMD -I/usr/share/verilator/include -I/usr/share/verilator/include/vltstd -DVERILATOR=1 -DVM_COVERAGE=0 -DVM_SC=0 -DVM_TIMING=0 -DVM_TRACE=1 -DVM_TRACE_FST=0 -DVM_TRACE_VCD=1 -DVM_TRACE_SAIF=0 -DVM_VPI=1 -faligned-new -fcf-protection=none -Wno-bool-operation -Wno-int-in-bool-context -Wno-shadow -Wno-sign-compare -Wno-subobject-linkage -Wno-tautological-compare -Wno-uninitialized -Wno-unused-but-set-parameter -Wno-unused-but-set-variable -Wno-unused-parameter -Wno-unused-variable      -include Vtop__pch.h.slow -c Vtop__Syms__ctor__1__Slow.cpp
g++   -I.  -MMD -I/usr/share/verilator/include -I/usr/share/verilator/include/vltstd -DVERILATOR=1 -DVM_COVERAGE=0 -DVM_SC=0 -DVM_TIMING=0 -DVM_TRACE=1 -DVM_TRACE_FST=0 -DVM_TRACE_VCD=1 -DVM_TRACE_SAIF=0 -DVM_VPI=1 -faligned-new -fcf-protection=none -Wno-bool-operation -Wno-int-in-bool-context -Wno-shadow -Wno-sign-compare -Wno-subobject-linkage -Wno-tautological-compare -Wno-uninitialized -Wno-unused-but-set-parameter -Wno-unused-but-set-variable -Wno-unused-parameter -Wno-unused-variable      -include Vtop__pch.h.slow -c Vtop__Syms__ctor__2__Slow.cpp
g++   -I.  -MMD -I/usr/share/verilator/include -I/usr/share/verilator/include/vltstd -DVERILATOR=1 -DVM_COVERAGE=0 -DVM_SC=0 -DVM_TIMING=0 -DVM_TRACE=1 -DVM_TRACE_FST=0 -DVM_TRACE_VCD=1 -DVM_TRACE_SAIF=0 -DVM_VPI=1 -faligned-new -fcf-protection=none -Wno-bool-operation -Wno-int-in-bool-context -Wno-shadow -Wno-sign-compare -Wno-subobject-linkage -Wno-tautological-compare -Wno-uninitialized -Wno-unused-but-set-parameter -Wno-unused-but-set-variable -Wno-unused-parameter -Wno-unused-variable      -include Vtop__pch.h.slow -c Vtop__Syms__dtor__0__Slow.cpp
g++   -I.  -MMD -I/usr/share/verilator/include -I/usr/share/verilator/include/vltstd -DVERILATOR=1 -DVM_COVERAGE=0 -DVM_SC=0 -DVM_TIMING=0 -DVM_TRACE=1 -DVM_TRACE_FST=0 -DVM_TRACE_VCD=1 -DVM_TRACE_SAIF=0 -DVM_VPI=1 -faligned-new -fcf-protection=none -Wno-bool-operation -Wno-int-in-bool-context -Wno-shadow -Wno-sign-compare -Wno-subobject-linkage -Wno-tautological-compare -Wno-uninitialized -Wno-unused-but-set-parameter -Wno-unused-but-set-variable -Wno-unused-parameter -Wno-unused-variable      -include Vtop__pch.h.slow -c Vtop__Syms__Slow.cpp
g++   -I.  -MMD -I/usr/share/verilator/include -I/usr/share/verilator/include/vltstd -DVERILATOR=1 -DVM_COVERAGE=0 -DVM_SC=0 -DVM_TIMING=0 -DVM_TRACE=1 -DVM_TRACE_FST=0 -DVM_TRACE_VCD=1 -DVM_TRACE_SAIF=0 -DVM_VPI=1 -faligned-new -fcf-protection=none -Wno-bool-operation -Wno-int-in-bool-context -Wno-shadow -Wno-sign-compare -Wno-subobject-linkage -Wno-tautological-compare -Wno-uninitialized -Wno-unused-but-set-parameter -Wno-unused-but-set-variable -Wno-unused-parameter -Wno-unused-variable      -include Vtop__pch.h.slow -c Vtop__Trace__0__Slow.cpp
g++   -I.  -MMD -I/usr/share/verilator/include -I/usr/share/verilator/include/vltstd -DVERILATOR=1 -DVM_COVERAGE=0 -DVM_SC=0 -DVM_TIMING=0 -DVM_TRACE=1 -DVM_TRACE_FST=0 -DVM_TRACE_VCD=1 -DVM_TRACE_SAIF=0 -DVM_VPI=1 -faligned-new -fcf-protection=none -Wno-bool-operation -Wno-int-in-bool-context -Wno-shadow -Wno-sign-compare -Wno-subobject-linkage -Wno-tautological-compare -Wno-uninitialized -Wno-unused-but-set-parameter -Wno-unused-but-set-variable -Wno-unused-parameter -Wno-unused-variable      -include Vtop__pch.h.slow -c Vtop__TraceDecls__0__Slow.cpp
g++    -rdynamic verilator.o verilated.o verilated_dpi.o verilated_vpi.o verilated_vcd_c.o verilated_threads.o Vtop__ALL.a   -Wl,-rpath,/home/gabcro/Code/Processor_CI/processor_ci_inspector/env/lib/python3.13/site-packages/cocotb/libs -L/home/gabcro/Code/Processor_CI/processor_ci_inspector/env/lib/python3.13/site-packages/cocotb/libs -lcocotbvpi_verilator  -pthread -lpthread -latomic -ldl   -o Vtop
rm Vtop__ALL.verilator_deplist.tmp
make[2]: Leaving directory '/home/gabcro/Code/Processor_CI/processor_ci_inspector/sim_build/soric_project'
/home/gabcro/Code/Processor_CI/processor_ci_inspector/env/lib/python3.13/site-packages/cocotb_tools/makefiles/simulators/Makefile.verilator:69: Using MODULE is deprecated, please use COCOTB_TEST_MODULES instead.
rm -f results.xml
COCOTB_TEST_MODULES=cocotb_labeler COCOTB_TESTCASE= COCOTB_TEST_FILTER= COCOTB_TOPLEVEL=processorci_top TOPLEVEL_LANG=verilog \
         sim_build/soric_project/Vtop     
     -.--ns INFO     gpi                                ..mbed/gpi_embed.cpp:93   in _embed_init_python              Using Python 3.13.0rc1 interpreter at /home/gabcro/Code/Processor_CI/processor_ci_inspector/env/bin/python
     -.--ns INFO     gpi                                ../gpi/GpiCommon.cpp:79   in gpi_print_registered_impl       VPI registered
     0.00ns INFO     cocotb                             Running on Verilator version 5.050 2026-07-01
     0.00ns INFO     cocotb                             Seeding Python random module with 1785389881
     0.00ns INFO     cocotb                             Initialized cocotb v2.0.1 from /home/gabcro/Code/Processor_CI/processor_ci_inspector/env/lib/python3.13/site-packages/cocotb
     0.00ns INFO     cocotb.regression                  pytest not found, install it to enable better AssertionError messages
     0.00ns INFO     cocotb                             Running tests
     0.00ns INFO     cocotb.regression                  running cocotb_labeler.processor_test (1/1)
                                                            Test function for the processor.

            ####################################################
            #Looking for the register file - regfile_finder.py #
            ####################################################
          
     0.00ns INFO     cocotb.processorci_top             Static register-file checkpoint: processorci_top.Processor.ibex_core_1.gen_regfile_ff.register_file_i.rf_reg kind=packed_flat_vector depth=32 word_width=32 score=106
  1070.00ns INFO     cocotb.processorci_top             - Static Register File Array Candidates Found:
  1070.00ns INFO     cocotb.processorci_top               1: processorci_top.Processor.ibex_core_1.gen_regfile_ff.register_file_i.rf_reg kind=packed_flat_vector depth=32 word_width=32 score=106 visibility=visible
  1070.00ns INFO     cocotb.processorci_top                  reasons: packed vector with register-file-sized total width, 32 entries, XLEN-sized words (32), name hint(s): regfile, register_file, rf
  1070.00ns INFO     cocotb.processorci_top                  visibility: path resolvable: processorci_top.Processor.ibex_core_1.gen_regfile_ff.register_file_i.rf_reg, value readable
  1070.00ns INFO     cocotb.processorci_top               2: processorci_top.Processor.ibex_core_1.gen_regfile_ff.register_file_i.rf_reg_q kind=packed_flat_vector depth=31 word_width=32 score=101 visibility=visible
  1070.00ns INFO     cocotb.processorci_top                  reasons: packed vector with register-file-sized total width, 31 entries, likely x1..x31 without x0, XLEN-sized words (32), name hint(s): regfile, register_file, rf
  1070.00ns INFO     cocotb.processorci_top                  visibility: path resolvable: processorci_top.Processor.ibex_core_1.gen_regfile_ff.register_file_i.rf_reg_q, value readable
  1070.00ns INFO     cocotb.processorci_top               3: processorci_top.Processor.ibex_core_2.id_stage_i.registers_i.rf_reg kind=packed_flat_vector depth=32 word_width=32 score=98 visibility=visible
  1070.00ns INFO     cocotb.processorci_top                  reasons: packed vector with register-file-sized total width, 32 entries, XLEN-sized words (32), name hint(s): registers, rf
  1070.00ns INFO     cocotb.processorci_top                  visibility: path resolvable: processorci_top.Processor.ibex_core_2.id_stage_i.registers_i.rf_reg, value readable
  1070.00ns INFO     cocotb.processorci_top               4: processorci_top.Processor.ibex_core_2.id_stage_i.registers_i.rf_reg_tmp kind=packed_flat_vector depth=31 word_width=32 score=93 visibility=visible
  1070.00ns INFO     cocotb.processorci_top                  reasons: packed vector with register-file-sized total width, 31 entries, likely x1..x31 without x0, XLEN-sized words (32), name hint(s): registers, rf
  1070.00ns INFO     cocotb.processorci_top                  visibility: path resolvable: processorci_top.Processor.ibex_core_2.id_stage_i.registers_i.rf_reg_tmp, value readable
  1070.00ns INFO     cocotb.processorci_top               5: processorci_top.sim_program kind=packed_flat_vector depth=16 word_width=32 score=57 visibility=visible
  1070.00ns INFO     cocotb.processorci_top                  reasons: packed vector with register-file-sized total width, 16 entries, possible RV32E/RV64E-style file, XLEN-sized words (32), non-regfile name hint(s): ram
  1070.00ns INFO     cocotb.processorci_top                  visibility: path resolvable: processorci_top.sim_program, value readable
  1070.00ns INFO     cocotb.processorci_top             
  1070.00ns INFO     cocotb.processorci_top             Visibility summary: {'visible': 5, 'invisible': 0, 'partial': 0, 'total': 5}
  1070.00ns INFO     cocotb.processorci_top             Dynamic regfile write program reached loop at cycle 12
  1070.00ns INFO     cocotb.processorci_top             Skipping register file interface detection via Ollama.
  1070.00ns INFO     cocotb.processorci_top             Processor name: /home/gabcro/Code/Processor_CI/cores_utils/soric_project
  1070.00ns INFO     cocotb.processorci_top             Register file candidates: ['processorci_top.Processor.ibex_core_1.gen_regfile_ff.register_file_i.rf_reg']
  1070.00ns INFO     cocotb.processorci_top             Using register file: processorci_top.Processor.ibex_core_1.gen_regfile_ff.register_file_i.rf_reg
  1070.00ns INFO     cocotb.processorci_top             Resolved register file: <cocotb_labeler._ArchitecturalRegfileView object at 0x7f6e20672120>
  1080.00ns INFO     cocotb.processorci_top             [mem_driver cycle 1] cyc=0 stb=0 addr=0x00000080 data=0x13500293
  1090.00ns INFO     cocotb.processorci_top             [mem_driver cycle 2] cyc=0 stb=0 addr=0x00000080 data=0x13500293
  1100.00ns INFO     cocotb.processorci_top             [mem_driver cycle 3] cyc=0 stb=0 addr=0x00000080 data=0x13500293
  1110.00ns INFO     cocotb.processorci_top             [mem_driver cycle 4] cyc=0 stb=0 addr=0x00000080 data=0x13500293
  1120.00ns INFO     cocotb.processorci_top             [mem_driver cycle 5] cyc=0 stb=0 addr=0x00000080 data=0x13500293
  1130.00ns INFO     cocotb.processorci_top             [mem_driver cycle 6] cyc=0 stb=0 addr=0x00000080 data=0x13500293
  1140.00ns INFO     cocotb.processorci_top             [mem_driver cycle 7] cyc=0 stb=0 addr=0x00000080 data=0x13500293
  1150.00ns INFO     cocotb.processorci_top             [mem_driver cycle 8] cyc=0 stb=0 addr=0x00000080 data=0x13500293
  1160.00ns INFO     cocotb.processorci_top             [mem_driver cycle 9] cyc=0 stb=0 addr=0x00000080 data=0x13500293
  1170.00ns INFO     cocotb.processorci_top             [mem_driver cycle 10] cyc=0 stb=0 addr=0x00000080 data=0x13500293
  1180.00ns INFO     cocotb.processorci_top             [mem_driver cycle 11] cyc=0 stb=0 addr=0x00000080 data=0x13500293
  1190.00ns INFO     cocotb.processorci_top             [mem_driver cycle 12] cyc=0 stb=0 addr=0x00000080 data=0x13500293
  1200.00ns INFO     cocotb.processorci_top             [mem_driver cycle 13] cyc=0 stb=0 addr=0x00000080 data=0x13500293
  1210.00ns INFO     cocotb.processorci_top             [mem_driver cycle 14] cyc=0 stb=0 addr=0x00000080 data=0x13500293
  1220.00ns INFO     cocotb.processorci_top             [mem_driver cycle 15] cyc=0 stb=0 addr=0x00000080 data=0x13500293
  1230.00ns INFO     cocotb.processorci_top             [mem_driver cycle 16] cyc=0 stb=0 addr=0x00000080 data=0x13500293
  1240.00ns INFO     cocotb.processorci_top             [mem_driver cycle 17] cyc=0 stb=0 addr=0x00000080 data=0x13500293
  1250.00ns INFO     cocotb.processorci_top             [mem_driver cycle 18] cyc=0 stb=0 addr=0x00000080 data=0x13500293
  1260.00ns INFO     cocotb.processorci_top             [mem_driver cycle 19] cyc=0 stb=0 addr=0x00000080 data=0x13500293
  1270.00ns INFO     cocotb.processorci_top             [mem_driver cycle 20] cyc=0 stb=0 addr=0x00000080 data=0x13500293
  1580.00ns INFO     cocotb.processorci_top             Measuring execution model from architectural commit cadence...
  1580.00ns INFO     cocotb.processorci_top             [measure] Observing signature commits through register-file interface
  1780.00ns INFO     cocotb.processorci_top             [measure] Commit addi x5, x0, 0x135 at cycle 18: x5 = 0x00000135
  1790.00ns INFO     cocotb.processorci_top             [measure] Commit addi x6, x0, 0x246 at cycle 19: x6 = 0x00000246
  1800.00ns INFO     cocotb.processorci_top             [measure] Commit addi x7, x0, 0x357 at cycle 20: x7 = 0x00000357
  1810.00ns INFO     cocotb.processorci_top             [measure] Commit addi x8, x0, 0x468 at cycle 21: x8 = 0x00000468
  1820.00ns INFO     cocotb.processorci_top             [measure] Commit addi x9, x0, 0x579 at cycle 22: x9 = 0x00000579
  1830.00ns INFO     cocotb.processorci_top             [measure] Commit addi x10, x0, 0x68a at cycle 23: x10 = 0x0000068a
  1830.00ns INFO     cocotb.processorci_top             [measure] Fetch intervals: [2, 1, 1, 1, 1, 11, 1, 1, 1, 1, 1]
  1830.00ns INFO     cocotb.processorci_top             [measure] Commit intervals: [1, 1, 1, 1, 1]
  1830.00ns INFO     cocotb.processorci_top             [measure] Fetch-to-commit latencies: [0, 0, 0, 0, 0, 0]
  1830.00ns INFO     cocotb.processorci_top             [measure] Classification: {'single_cycle': True, 'multicycle': False, 'pipeline': False, 'confidence': 0.73}
  1830.00ns INFO     cocotb.processorci_top             Datapath results saved to /home/gabcro/Code/Processor_CI/cores_utils/soric_project/soric_project_labels.json
  1830.00ns INFO     cocotb.processorci_top             [forwarding] Not applicable to this execution model
  1830.00ns INFO     cocotb.processorci_top             [branch_prediction] Running branch-prediction probes...
  5510.00ns WARNING  cocotb.processorci_top             [branch_prediction] probe=branch_resolution_taken invalid reason=probe_timeout complete=False fetches=300 coverage=1.000
  9190.00ns WARNING  cocotb.processorci_top             [branch_prediction] probe=branch_resolution_not_taken invalid reason=probe_timeout complete=False fetches=300 coverage=1.000
  9890.00ns WARNING  cocotb.processorci_top             [branch_prediction] probe=static_forward_taken invalid reason=architectural_completion_failed complete=False fetches=9 coverage=1.000
 10590.00ns WARNING  cocotb.processorci_top             [branch_prediction] probe=static_forward_taken invalid reason=architectural_completion_failed complete=False fetches=9 coverage=1.000
 11290.00ns WARNING  cocotb.processorci_top             [branch_prediction] probe=static_forward_taken invalid reason=architectural_completion_failed complete=False fetches=9 coverage=1.000
 11990.00ns WARNING  cocotb.processorci_top             [branch_prediction] probe=static_forward_not_taken invalid reason=architectural_completion_failed complete=False fetches=9 coverage=1.000
 12690.00ns WARNING  cocotb.processorci_top             [branch_prediction] probe=static_forward_not_taken invalid reason=architectural_completion_failed complete=False fetches=9 coverage=1.000
 13390.00ns WARNING  cocotb.processorci_top             [branch_prediction] probe=static_forward_not_taken invalid reason=architectural_completion_failed complete=False fetches=9 coverage=1.000
 24300.00ns WARNING  cocotb.processorci_top             [branch_prediction] probe=dynamic_one_bit invalid reason=probe_timeout complete=False fetches=525 coverage=0.167
 30680.00ns WARNING  cocotb.processorci_top             [branch_prediction] probe=dynamic_two_bit invalid reason=probe_timeout complete=False fetches=570 coverage=0.143
 31740.00ns WARNING  cocotb.processorci_top             [branch_prediction] probe=local_history invalid reason=architectural_completion_failed complete=False fetches=5 coverage=0.000
 91550.00ns WARNING  cocotb.processorci_top             [branch_prediction] probe=local_alternating invalid reason=probe_timeout complete=False fetches=0 coverage=0.000
 92550.00ns WARNING  cocotb.processorci_top             [branch_prediction] probe=global_history invalid reason=architectural_completion_failed complete=False fetches=2 coverage=0.000
201850.00ns WARNING  cocotb.processorci_top             [branch_prediction] probe=path_history invalid reason=probe_timeout complete=False fetches=10798 coverage=0.000
309910.00ns WARNING  cocotb.processorci_top             [branch_prediction] probe=combined_history invalid reason=probe_timeout complete=False fetches=10702 coverage=0.000
452710.00ns WARNING  cocotb.processorci_top             [branch_prediction] probe=long_history invalid reason=probe_timeout complete=False fetches=14158 coverage=0.000
490400.00ns WARNING  cocotb.processorci_top             [branch_prediction] probe=direct_btb invalid reason=architectural_completion_failed complete=False fetches=9 coverage=0.031
521680.00ns WARNING  cocotb.processorci_top             [branch_prediction] probe=indirect_alternating_target invalid reason=probe_timeout complete=False fetches=0 coverage=0.000
532640.00ns WARNING  cocotb.processorci_top             [branch_prediction] probe=ras_standard_link invalid reason=probe_timeout complete=False fetches=0 coverage=0.000
543600.00ns WARNING  cocotb.processorci_top             [branch_prediction] probe=ras_nonstandard_link_control invalid reason=probe_timeout complete=False fetches=0 coverage=0.000
584530.00ns WARNING  cocotb.processorci_top             [branch_prediction] probe=timing_learnable invalid reason=probe_timeout complete=False fetches=0 coverage=0.000
625460.00ns WARNING  cocotb.processorci_top             [branch_prediction] probe=timing_learnable invalid reason=probe_timeout complete=False fetches=0 coverage=0.000
666390.00ns WARNING  cocotb.processorci_top             [branch_prediction] probe=timing_learnable invalid reason=probe_timeout complete=False fetches=0 coverage=0.000
707320.00ns WARNING  cocotb.processorci_top             [branch_prediction] probe=timing_shuffled_control invalid reason=probe_timeout complete=False fetches=0 coverage=0.000
748250.00ns WARNING  cocotb.processorci_top             [branch_prediction] probe=timing_shuffled_control invalid reason=probe_timeout complete=False fetches=0 coverage=0.000
789180.00ns WARNING  cocotb.processorci_top             [branch_prediction] probe=timing_shuffled_control invalid reason=probe_timeout complete=False fetches=0 coverage=0.000
801790.00ns WARNING  cocotb.processorci_top             [branch_prediction] probe=reset_retention_observe invalid reason=probe_timeout complete=False fetches=0 coverage=0.000
814400.00ns WARNING  cocotb.processorci_top             [branch_prediction] probe=reset_retention_train invalid reason=probe_timeout complete=False fetches=0 coverage=0.000
827010.00ns WARNING  cocotb.processorci_top             [branch_prediction] probe=reset_retention_observe invalid reason=probe_timeout complete=False fetches=0 coverage=0.000
828030.00ns WARNING  cocotb.processorci_top             [branch_prediction] probe=two_pc_alias_spacing_64 invalid reason=architectural_completion_failed complete=False fetches=3 coverage=0.000
868280.00ns WARNING  cocotb.processorci_top             [branch_prediction] probe=two_pc_alias_spacing_128 invalid reason=probe_timeout complete=False fetches=3918 coverage=0.000
929330.00ns WARNING  cocotb.processorci_top             [branch_prediction] probe=two_pc_alias_spacing_256 invalid reason=probe_timeout complete=False fetches=5966 coverage=0.000
1031980.00ns WARNING  cocotb.processorci_top             [branch_prediction] probe=two_pc_alias_spacing_512 invalid reason=probe_timeout complete=False fetches=10062 coverage=0.000
1031980.00ns INFO     cocotb.processorci_top             [branch_prediction] status=inconclusive components=[]
1031980.00ns INFO     cocotb.processorci_top             Results saved to /home/gabcro/Code/Processor_CI/cores_utils/soric_project/soric_project_labels.json
1031980.00ns INFO     cocotb.regression                  cocotb_labeler.processor_test passed
1031980.00ns INFO     cocotb.regression                  ***************************************************************************************
                                                         ** TEST                           STATUS  SIM TIME (ns)  REAL TIME (s)  RATIO (ns/s) **
                                                         ***************************************************************************************
                                                         ** cocotb_labeler.processor_test   PASS     1031980.00          57.91      17819.69  **
                                                         ***************************************************************************************
                                                         ** TESTS=1 PASS=1 FAIL=0 SKIP=0             1031980.00          57.91      17819.29  **
                                                         ***************************************************************************************
- :0: Verilog $finish
make[1]: Leaving directory '/home/gabcro/Code/Processor_CI/processor_ci_inspector'
Identified language: Verilog
Results saved to /home/gabcro/Code/Processor_CI/cores_utils/soric_project/soric_project_labels.json
Verilog
Directory being passed to cocotb_makefile_creator: /home/gabcro/Code/Processor_CI/cores/soric_project
Creating Makefile for soric_project...
